sp	locus_id	locus	cevd_cov_pct	best_pid	max_run_nt	n_frag	context_len
zhonghua	zhonghua_L01_Chr03:110004690-110004993	Chr03:110004690-110004993	84	96.3	287	21	20304
zhonghua	zhonghua_L02_Chr04:9729501-9729600	Chr04:9729501-9729600	33	96.0	121	63	20100
zhonghua	zhonghua_L03_Chr04:105375098-105375193	Chr04:105375098-105375193	27	97.9	102	21	20096
zhonghua	zhonghua_L04_Chr04:107395546-107395641	Chr04:107395546-107395641	27	95.8	102	21	20096
zhonghua	zhonghua_L05_Chr09:16232761-16232857	Chr09:16232761-16232857	28	100.0	103	21	20097
ningxia	ningxia_L01_nSX00001:139553867-139553979	nSX00001:139553867-139553979	32	96.5	119	21	20113
ningxia	ningxia_L02_nSX00002:12082475-12082778	nSX00002:12082475-12082778	84	96.3	287	21	20304
ningxia	ningxia_L03_nSX00004:7702253-7702352	nSX00004:7702253-7702352	33	96.9	121	63	20100
ningxia	ningxia_L04_nSX00004:124972815-124972910	nSX00004:124972815-124972910	27	95.8	102	21	20096
ningxia	ningxia_L05_nSX00015:127204-127583	nSX00015:127204-127583	100	98.7	371	21	20380
ningxia	ningxia_L06_nSX00015:253672-254051	nSX00015:253672-254051	100	98.7	371	21	20380
ningxia	ningxia_L07_nSX00015:432537-432916	nSX00015:432537-432916	100	98.7	371	21	20380
heiguo	heiguo_L01_Chr01:76299314-76299690	Chr01:76299314-76299690	100	97.3	371	21	20377
heiguo	heiguo_L02_Chr01:85363717-85363887	Chr01:85363717-85363887	48	97.7	177	21	20171
heiguo	heiguo_L03_Chr01:210110535-210110675	Chr01:210110535-210110675	40	96.5	147	21	20141
heiguo	heiguo_L04_Chr03:10344120-10344424	Chr03:10344120-10344424	84	92.6	287	21	20305
heiguo	heiguo_L05_Chr03:103899436-103899672	Chr03:103899436-103899672	65	96.9	219	21	20237
heiguo	heiguo_L06_Chr04:80984285-80984664	Chr04:80984285-80984664	100	97.0	371	44	20380
heiguo	heiguo_L07_Chr04:80987351-80987730	Chr04:80987351-80987730	100	97.0	371	44	20380
heiguo	heiguo_L08_Chr04:115482215-115482538	Chr04:115482215-115482538	89	97.2	330	21	20324
heiguo	heiguo_L09_Chr04:165169169-165169350	Chr04:165169169-165169350	51	97.1	164	21	20182
heiguo	heiguo_L10_Chr05:7853476-7853579	Chr05:7853476-7853579	30	95.2	110	42	20104
heiguo	heiguo_L11_Chr05:77366053-77366432	Chr05:77366053-77366432	100	96.8	371	21	20380
heiguo	heiguo_L12_Chr05:77548668-77549047	Chr05:77548668-77549047	100	96.8	371	21	20380
heiguo	heiguo_L13_Chr05:77735788-77736167	Chr05:77735788-77736167	100	96.5	371	21	20380
heiguo	heiguo_L14_Chr05:77865224-77865603	Chr05:77865224-77865603	100	97.6	371	21	20380
heiguo	heiguo_L15_Chr06:87729582-87729961	Chr06:87729582-87729961	100	93.5	371	29	20380
heiguo	heiguo_L16_Chr06:149383943-149384029	Chr06:149383943-149384029	25	93.1	93	21	20087
heiguo	heiguo_L17_Chr08:11746716-11747095	Chr08:11746716-11747095	100	98.7	371	21	20380
heiguo	heiguo_L18_Chr08:135977580-135977959	Chr08:135977580-135977959	100	96.8	371	21	20380
heiguo	heiguo_L19_Chr10:173907114-173907455	Chr10:173907114-173907455	94	97.3	324	21	20342
heiguo	heiguo_L20_Chr11:29549423-29549537	Chr11:29549423-29549537	33	99.1	121	21	20115
heiguo	heiguo_L21_Chr11:108533232-108533334	Chr11:108533232-108533334	29	97.1	109	21	20103
heiguo	heiguo_L22_Chr12:106004976-106005110	Chr12:106004976-106005110	38	99.3	141	21	20135
heiguo	heiguo_L23_hS00065:71093-71472	hS00065:71093-71472	100	98.7	371	21	20380
heiguo	heiguo_L24_hS00104:36966-37345	hS00104:36966-37345	100	98.7	371	21	20380
heiguo	heiguo_L25_hS00471:12865-13244	hS00471:12865-13244	100	98.7	371	21	20380
