lid	qseqid	pident	length	qstart	qend	sstart	send	evalue	bitscore
zhonghua_L01_Chr03:110004690-110004993	MZ463745.1	96.296	297	85	381	10001	10295	4.25e-138	480
zhonghua_L01_Chr03:110004690-110004993	MZ463746.1	95.623	297	85	381	10001	10295	2.20e-135	471
zhonghua_L01_Chr03:110004690-110004993	MZ463747.1	95.623	297	85	381	10001	10295	2.20e-135	471
zhonghua_L01_Chr03:110004690-110004993	MZ463748.1	95.286	297	85	381	10001	10295	2.68e-134	466
zhonghua_L01_Chr03:110004690-110004993	MZ463749.1	95.960	297	90	386	10001	10295	5.23e-137	475
zhonghua_L01_Chr03:110004690-110004993	MZ463750.1	95.623	297	90	386	10001	10295	2.23e-135	471
zhonghua_L01_Chr03:110004690-110004993	MZ463751.1	95.623	297	90	386	10001	10295	2.24e-135	471
zhonghua_L01_Chr03:110004690-110004993	MZ463752.1	95.286	297	90	386	10001	10295	2.73e-134	466
zhonghua_L01_Chr03:110004690-110004993	MZ463753.1	95.623	297	90	386	10001	10295	2.24e-135	471
zhonghua_L01_Chr03:110004690-110004993	MZ463754.1	95.286	297	90	386	10001	10295	2.73e-134	466
zhonghua_L01_Chr03:110004690-110004993	MZ463755.1	95.623	297	90	386	10001	10295	2.24e-135	471
zhonghua_L01_Chr03:110004690-110004993	MZ463756.1	95.623	297	90	386	10001	10295	2.24e-135	471
zhonghua_L01_Chr03:110004690-110004993	MZ463757.1	95.286	297	90	386	10001	10295	2.73e-134	466
zhonghua_L01_Chr03:110004690-110004993	MZ463758.1	95.960	297	90	386	10001	10295	5.27e-137	475
zhonghua_L01_Chr03:110004690-110004993	MZ463759.1	95.960	297	90	386	10001	10295	5.50e-137	475
zhonghua_L01_Chr03:110004690-110004993	FJ751925.1	95.960	297	90	386	10001	10295	5.27e-137	475
zhonghua_L01_Chr03:110004690-110004993	FJ751926.1	95.638	298	90	387	10001	10295	7.85e-135	469
zhonghua_L01_Chr03:110004690-110004993	FJ751927.1	95.302	298	90	387	10001	10295	9.56e-134	464
zhonghua_L01_Chr03:110004690-110004993	FJ751930.1	95.098	306	90	395	10001	10304	1.51e-137	478
zhonghua_L01_Chr03:110004690-110004993	FJ751933.1	95.638	298	91	388	10001	10295	7.87e-135	469
zhonghua_L01_Chr03:110004690-110004993	FJ751934.1	95.960	297	91	387	10001	10295	5.29e-137	475
zhonghua_L02_Chr04:9729501-9729600	MZ463745.1	90.099	101	190	290	10001	10100	2.05e-34	134
zhonghua_L02_Chr04:9729501-9729600	MZ463745.1	93.750	32	210	241	9997	9966	6.70e-09	50.0
zhonghua_L02_Chr04:9729501-9729600	MZ463745.1	96.000	25	280	304	10730	10754	3.47e-06	41.9
zhonghua_L02_Chr04:9729501-9729600	MZ463746.1	90.099	101	190	290	10001	10100	2.05e-34	134
zhonghua_L02_Chr04:9729501-9729600	MZ463746.1	93.750	32	210	241	9997	9966	6.70e-09	50.0
zhonghua_L02_Chr04:9729501-9729600	MZ463746.1	96.000	25	280	304	10730	10754	3.47e-06	41.9
zhonghua_L02_Chr04:9729501-9729600	MZ463747.1	90.099	101	190	290	10001	10100	2.05e-34	134
zhonghua_L02_Chr04:9729501-9729600	MZ463747.1	93.750	32	210	241	9997	9966	6.70e-09	50.0
zhonghua_L02_Chr04:9729501-9729600	MZ463747.1	96.000	25	280	304	10730	10754	3.47e-06	41.9
zhonghua_L02_Chr04:9729501-9729600	MZ463748.1	90.099	101	190	290	10001	10100	2.05e-34	134
zhonghua_L02_Chr04:9729501-9729600	MZ463748.1	93.750	32	210	241	9997	9966	6.70e-09	50.0
zhonghua_L02_Chr04:9729501-9729600	MZ463748.1	96.000	25	280	304	10730	10754	3.47e-06	41.9
zhonghua_L02_Chr04:9729501-9729600	MZ463749.1	90.099	101	195	295	10001	10100	2.07e-34	134
zhonghua_L02_Chr04:9729501-9729600	MZ463749.1	93.750	32	215	246	9997	9966	6.78e-09	50.0
zhonghua_L02_Chr04:9729501-9729600	MZ463749.1	96.000	25	285	309	10730	10754	3.51e-06	41.9
zhonghua_L02_Chr04:9729501-9729600	MZ463750.1	90.099	101	195	295	10001	10100	2.08e-34	134
zhonghua_L02_Chr04:9729501-9729600	MZ463750.1	93.750	32	215	246	9997	9966	6.80e-09	50.0
zhonghua_L02_Chr04:9729501-9729600	MZ463750.1	96.000	25	285	309	10730	10754	3.52e-06	41.9
zhonghua_L02_Chr04:9729501-9729600	MZ463751.1	90.099	101	195	295	10001	10100	2.08e-34	134
zhonghua_L02_Chr04:9729501-9729600	MZ463751.1	93.750	32	215	246	9997	9966	6.81e-09	50.0
zhonghua_L02_Chr04:9729501-9729600	MZ463751.1	96.000	25	285	309	10730	10754	3.53e-06	41.9
zhonghua_L02_Chr04:9729501-9729600	MZ463752.1	90.099	101	195	295	10001	10100	2.09e-34	134
zhonghua_L02_Chr04:9729501-9729600	MZ463752.1	93.750	32	215	246	9997	9966	6.83e-09	50.0
zhonghua_L02_Chr04:9729501-9729600	MZ463752.1	96.000	25	285	309	10730	10754	3.54e-06	41.9
zhonghua_L02_Chr04:9729501-9729600	MZ463753.1	89.109	101	195	295	10001	10100	8.88e-33	130
zhonghua_L02_Chr04:9729501-9729600	MZ463753.1	93.750	32	215	246	9997	9966	6.83e-09	50.0
zhonghua_L02_Chr04:9729501-9729600	MZ463753.1	96.000	25	285	309	10730	10754	3.54e-06	41.9
zhonghua_L02_Chr04:9729501-9729600	MZ463754.1	89.109	101	195	295	10001	10100	8.88e-33	130
zhonghua_L02_Chr04:9729501-9729600	MZ463754.1	93.750	32	215	246	9997	9966	6.83e-09	50.0
zhonghua_L02_Chr04:9729501-9729600	MZ463754.1	96.000	25	285	309	10730	10754	3.54e-06	41.9
zhonghua_L02_Chr04:9729501-9729600	MZ463755.1	89.109	101	195	295	10001	10100	8.88e-33	130
zhonghua_L02_Chr04:9729501-9729600	MZ463755.1	90.625	32	215	246	9997	9966	2.90e-07	45.5
zhonghua_L02_Chr04:9729501-9729600	MZ463755.1	96.000	25	285	309	10730	10754	3.54e-06	41.9
zhonghua_L02_Chr04:9729501-9729600	MZ463756.1	89.109	101	195	295	10001	10100	8.88e-33	130
zhonghua_L02_Chr04:9729501-9729600	MZ463756.1	93.750	32	215	246	9997	9966	6.83e-09	50.0
zhonghua_L02_Chr04:9729501-9729600	MZ463756.1	96.000	25	285	309	10730	10754	3.54e-06	41.9
zhonghua_L02_Chr04:9729501-9729600	MZ463757.1	89.109	101	195	295	10001	10100	8.88e-33	130
zhonghua_L02_Chr04:9729501-9729600	MZ463757.1	93.750	32	215	246	9997	9966	6.83e-09	50.0
zhonghua_L02_Chr04:9729501-9729600	MZ463757.1	96.000	25	285	309	10730	10754	3.54e-06	41.9
zhonghua_L02_Chr04:9729501-9729600	MZ463758.1	90.099	101	195	295	10001	10100	2.09e-34	134
zhonghua_L02_Chr04:9729501-9729600	MZ463758.1	93.750	32	215	246	9997	9966	6.83e-09	50.0
zhonghua_L02_Chr04:9729501-9729600	MZ463758.1	96.000	25	285	309	10730	10754	3.54e-06	41.9
zhonghua_L02_Chr04:9729501-9729600	MZ463759.1	90.099	101	195	295	10001	10100	2.18e-34	134
zhonghua_L02_Chr04:9729501-9729600	MZ463759.1	93.750	32	215	246	9997	9966	7.12e-09	50.0
zhonghua_L02_Chr04:9729501-9729600	MZ463759.1	96.000	25	285	309	10730	10754	3.69e-06	41.9
zhonghua_L02_Chr04:9729501-9729600	FJ751925.1	90.099	101	195	295	10001	10100	2.09e-34	134
zhonghua_L02_Chr04:9729501-9729600	FJ751925.1	93.750	32	215	246	9997	9966	6.83e-09	50.0
zhonghua_L02_Chr04:9729501-9729600	FJ751925.1	96.000	25	285	309	10730	10754	3.54e-06	41.9
zhonghua_L02_Chr04:9729501-9729600	FJ751926.1	90.099	101	195	295	10001	10100	2.09e-34	134
zhonghua_L02_Chr04:9729501-9729600	FJ751926.1	93.750	32	215	246	9997	9966	6.85e-09	50.0
zhonghua_L02_Chr04:9729501-9729600	FJ751926.1	96.000	25	285	309	10730	10754	3.55e-06	41.9
zhonghua_L02_Chr04:9729501-9729600	FJ751927.1	89.109	101	195	295	10001	10100	8.90e-33	130
zhonghua_L02_Chr04:9729501-9729600	FJ751927.1	90.625	32	215	246	9997	9966	2.91e-07	45.5
zhonghua_L02_Chr04:9729501-9729600	FJ751927.1	96.000	25	285	309	10730	10754	3.55e-06	41.9
zhonghua_L02_Chr04:9729501-9729600	FJ751930.1	90.099	101	195	295	10001	10100	2.09e-34	134
zhonghua_L02_Chr04:9729501-9729600	FJ751930.1	93.750	32	215	246	9997	9966	6.85e-09	50.0
zhonghua_L02_Chr04:9729501-9729600	FJ751930.1	96.000	25	285	309	10730	10754	3.55e-06	41.9
zhonghua_L02_Chr04:9729501-9729600	FJ751933.1	90.099	101	196	296	10001	10100	2.10e-34	134
zhonghua_L02_Chr04:9729501-9729600	FJ751933.1	93.750	32	216	247	9997	9966	6.87e-09	50.0
zhonghua_L02_Chr04:9729501-9729600	FJ751933.1	96.000	25	286	310	10730	10754	3.56e-06	41.9
zhonghua_L02_Chr04:9729501-9729600	FJ751934.1	90.099	101	196	296	10001	10100	2.09e-34	134
zhonghua_L02_Chr04:9729501-9729600	FJ751934.1	93.750	32	216	247	9997	9966	6.85e-09	50.0
zhonghua_L02_Chr04:9729501-9729600	FJ751934.1	96.000	25	286	310	10730	10754	3.55e-06	41.9
zhonghua_L03_Chr04:105375098-105375193	MZ463745.1	97.917	96	156	251	10001	10096	1.21e-43	165
zhonghua_L03_Chr04:105375098-105375193	MZ463746.1	97.917	96	156	251	10001	10096	1.21e-43	165
zhonghua_L03_Chr04:105375098-105375193	MZ463747.1	97.917	96	156	251	10001	10096	1.21e-43	165
zhonghua_L03_Chr04:105375098-105375193	MZ463748.1	97.917	96	156	251	10001	10096	1.21e-43	165
zhonghua_L03_Chr04:105375098-105375193	MZ463749.1	97.917	96	161	256	10001	10096	1.22e-43	165
zhonghua_L03_Chr04:105375098-105375193	MZ463750.1	97.917	96	161	256	10001	10096	1.23e-43	165
zhonghua_L03_Chr04:105375098-105375193	MZ463751.1	97.917	96	161	256	10001	10096	1.23e-43	165
zhonghua_L03_Chr04:105375098-105375193	MZ463752.1	97.917	96	161	256	10001	10096	1.23e-43	165
zhonghua_L03_Chr04:105375098-105375193	MZ463753.1	97.872	94	161	254	10001	10094	1.50e-42	161
zhonghua_L03_Chr04:105375098-105375193	MZ463754.1	97.917	96	161	256	10001	10096	1.23e-43	165
zhonghua_L03_Chr04:105375098-105375193	MZ463755.1	96.875	96	161	256	10001	10096	5.24e-42	160
zhonghua_L03_Chr04:105375098-105375193	MZ463756.1	97.917	96	161	256	10001	10096	1.23e-43	165
zhonghua_L03_Chr04:105375098-105375193	MZ463757.1	96.875	96	161	256	10001	10096	5.24e-42	160
zhonghua_L03_Chr04:105375098-105375193	MZ463758.1	97.917	96	161	256	10001	10096	1.23e-43	165
zhonghua_L03_Chr04:105375098-105375193	MZ463759.1	97.917	96	161	256	10001	10096	1.29e-43	165
zhonghua_L03_Chr04:105375098-105375193	FJ751925.1	97.917	96	161	256	10001	10096	1.23e-43	165
zhonghua_L03_Chr04:105375098-105375193	FJ751926.1	97.917	96	161	256	10001	10096	1.24e-43	165
zhonghua_L03_Chr04:105375098-105375193	FJ751927.1	96.875	96	161	256	10001	10096	5.26e-42	160
zhonghua_L03_Chr04:105375098-105375193	FJ751930.1	97.917	96	161	256	10001	10096	1.24e-43	165
zhonghua_L03_Chr04:105375098-105375193	FJ751933.1	97.917	96	162	257	10001	10096	1.24e-43	165
zhonghua_L03_Chr04:105375098-105375193	FJ751934.1	97.917	96	162	257	10001	10096	1.24e-43	165
zhonghua_L04_Chr04:107395546-107395641	MZ463745.1	95.833	96	156	251	10096	10001	6.27e-41	156
zhonghua_L04_Chr04:107395546-107395641	MZ463746.1	95.833	96	156	251	10096	10001	6.27e-41	156
zhonghua_L04_Chr04:107395546-107395641	MZ463747.1	95.833	96	156	251	10096	10001	6.27e-41	156
zhonghua_L04_Chr04:107395546-107395641	MZ463748.1	95.833	96	156	251	10096	10001	6.27e-41	156
zhonghua_L04_Chr04:107395546-107395641	MZ463749.1	95.833	96	161	256	10096	10001	6.33e-41	156
zhonghua_L04_Chr04:107395546-107395641	MZ463750.1	95.833	96	161	256	10096	10001	6.35e-41	156
zhonghua_L04_Chr04:107395546-107395641	MZ463751.1	95.833	96	161	256	10096	10001	6.37e-41	156
zhonghua_L04_Chr04:107395546-107395641	MZ463752.1	95.833	96	161	256	10096	10001	6.39e-41	156
zhonghua_L04_Chr04:107395546-107395641	MZ463753.1	95.745	94	161	254	10096	10003	7.78e-40	152
zhonghua_L04_Chr04:107395546-107395641	MZ463754.1	95.833	96	161	256	10096	10001	6.39e-41	156
zhonghua_L04_Chr04:107395546-107395641	MZ463755.1	94.792	96	161	256	10096	10001	2.72e-39	151
zhonghua_L04_Chr04:107395546-107395641	MZ463756.1	95.833	96	161	256	10096	10001	6.39e-41	156
zhonghua_L04_Chr04:107395546-107395641	MZ463757.1	94.792	96	161	256	10096	10001	2.72e-39	151
zhonghua_L04_Chr04:107395546-107395641	MZ463758.1	95.833	96	161	256	10096	10001	6.39e-41	156
zhonghua_L04_Chr04:107395546-107395641	MZ463759.1	95.833	96	161	256	10096	10001	6.66e-41	156
zhonghua_L04_Chr04:107395546-107395641	FJ751925.1	95.833	96	161	256	10096	10001	6.39e-41	156
zhonghua_L04_Chr04:107395546-107395641	FJ751926.1	95.833	96	161	256	10096	10001	6.40e-41	156
zhonghua_L04_Chr04:107395546-107395641	FJ751927.1	94.792	96	161	256	10096	10001	2.72e-39	151
zhonghua_L04_Chr04:107395546-107395641	FJ751930.1	95.833	96	161	256	10096	10001	6.40e-41	156
zhonghua_L04_Chr04:107395546-107395641	FJ751933.1	95.833	96	162	257	10096	10001	6.42e-41	156
zhonghua_L04_Chr04:107395546-107395641	FJ751934.1	95.833	96	162	257	10096	10001	6.40e-41	156
zhonghua_L05_Chr09:16232761-16232857	MZ463745.1	100.000	97	191	287	10001	10097	6.69e-47	176
zhonghua_L05_Chr09:16232761-16232857	MZ463746.1	100.000	97	191	287	10001	10097	6.69e-47	176
zhonghua_L05_Chr09:16232761-16232857	MZ463747.1	100.000	97	191	287	10001	10097	6.69e-47	176
zhonghua_L05_Chr09:16232761-16232857	MZ463748.1	100.000	97	191	287	10001	10097	6.69e-47	176
zhonghua_L05_Chr09:16232761-16232857	MZ463749.1	100.000	97	196	292	10001	10097	6.76e-47	176
zhonghua_L05_Chr09:16232761-16232857	MZ463750.1	100.000	97	196	292	10001	10097	6.78e-47	176
zhonghua_L05_Chr09:16232761-16232857	MZ463751.1	100.000	97	196	292	10001	10097	6.80e-47	176
zhonghua_L05_Chr09:16232761-16232857	MZ463752.1	100.000	97	196	292	10001	10097	6.82e-47	176
zhonghua_L05_Chr09:16232761-16232857	MZ463753.1	98.969	97	196	292	10001	10097	2.90e-45	171
zhonghua_L05_Chr09:16232761-16232857	MZ463754.1	98.969	97	196	292	10001	10097	2.90e-45	171
zhonghua_L05_Chr09:16232761-16232857	MZ463755.1	98.969	97	196	292	10001	10097	2.90e-45	171
zhonghua_L05_Chr09:16232761-16232857	MZ463756.1	98.969	97	196	292	10001	10097	2.90e-45	171
zhonghua_L05_Chr09:16232761-16232857	MZ463757.1	98.969	97	196	292	10001	10097	2.90e-45	171
zhonghua_L05_Chr09:16232761-16232857	MZ463758.1	100.000	97	196	292	10001	10097	6.82e-47	176
zhonghua_L05_Chr09:16232761-16232857	MZ463759.1	100.000	97	196	292	10001	10097	7.11e-47	176
zhonghua_L05_Chr09:16232761-16232857	FJ751925.1	100.000	97	196	292	10001	10097	6.82e-47	176
zhonghua_L05_Chr09:16232761-16232857	FJ751926.1	100.000	97	196	292	10001	10097	6.84e-47	176
zhonghua_L05_Chr09:16232761-16232857	FJ751927.1	98.969	97	196	292	10001	10097	2.91e-45	171
zhonghua_L05_Chr09:16232761-16232857	FJ751930.1	100.000	97	196	292	10001	10097	6.84e-47	176
zhonghua_L05_Chr09:16232761-16232857	FJ751933.1	100.000	97	197	293	10001	10097	6.85e-47	176
zhonghua_L05_Chr09:16232761-16232857	FJ751934.1	100.000	97	197	293	10001	10097	6.84e-47	176
