Family	ICTV_Host	Plants_Included	Source_URL	Note
Ackermannviridae	bacteria	否	https://ictv.global/report/information/virus-properties?items_per_page=100	
Adamaviridae	invertebrates, vertebrates	否	https://ictv.global/report/information/virus-properties?items_per_page=100	
Adomaviridae	未收录	未确定	https://ictv.global/report/information/virus-properties?items_per_page=100	MSL41 无此科；系文献提出的 proposed 科名（鱼类/软骨鱼相关 DNA 病毒），未获 ICTV 采纳
Ahmunviridae	archaea	否	https://ictv.global/report/information/virus-properties?items_per_page=100	
Aliceevansviridae	bacteria	否	https://ictv.global/report/information/virus-properties?items_per_page=100	
Aliusviridae	invertebrates	否	https://ictv.global/report/information/virus-properties?items_per_page=100	
Alloherpesviridae	vertebrates	否	https://ictv.global/report/information/virus-properties?items_per_page=100	
Allomimiviridae	protists	否	https://ictv.global/report/information/virus-properties?items_per_page=100	
Alphaormycoviridae	protists	否	https://ictv.global/report/information/virus-properties?items_per_page=100	
Alphatetraviridae	invertebrates	否	https://ictv.global/report/information/virus-properties?items_per_page=100	
Alternaviridae	fungi	否	https://ictv.global/report/information/virus-properties?items_per_page=100	
Amnoonviridae	vertebrates	否	https://ictv.global/report/information/virus-properties?items_per_page=100	
Anamaviridae	bacteria	否	https://ictv.global/report/information/virus-properties?items_per_page=100	
Andersonviridae	bacteria	否	https://ictv.global/report/information/virus-properties?items_per_page=100	
Anelloviridae	invertebrates, vertebrates	否	https://ictv.global/report/information/virus-properties?items_per_page=100	
Aoguangviridae	archaea	否	https://ictv.global/report/information/virus-properties?items_per_page=100	
Apasviridae	archaea	否	https://ictv.global/report/information/virus-properties?items_per_page=100	
Arenaviridae	vertebrates	否	https://ictv.global/report/information/virus-properties?items_per_page=100	
Arenbergviridae	bacteria	否	https://ictv.global/report/information/virus-properties?items_per_page=100	
Arteriviridae	vertebrates	否	https://ictv.global/report/information/virus-properties?items_per_page=100	
Artiviridae	invertebrates	否	https://ictv.global/report/information/virus-properties?items_per_page=100	
Artoviridae	plants, invertebrates	是	https://ictv.global/report/information/virus-properties?items_per_page=100	
Ascoviridae	invertebrates	否	https://ictv.global/report/information/virus-properties?items_per_page=100	
Asfarviridae	invertebrates, vertebrates	否	https://ictv.global/report/information/virus-properties?items_per_page=100	
Assiduviridae	bacteria	否	https://ictv.global/report/information/virus-properties?items_per_page=100	
Astroviridae	vertebrates	否	https://ictv.global/report/information/virus-properties?items_per_page=100	
Autographiviridae	未收录	未确定	https://ictv.global/report/information/virus-properties?items_per_page=100	MSL41 无此科；2025 年由科提升为目 Autographivirales（提案 2024.045B，含 4 个新科），原科名不再使用
Autonotataviridae	bacteria	否	https://ictv.global/report/information/virus-properties?items_per_page=100	
Autoscriptoviridae	bacteria	否	https://ictv.global/report/information/virus-properties?items_per_page=100	
Autosignataviridae	bacteria	否	https://ictv.global/report/information/virus-properties?items_per_page=100	
Autotranscriptaviridae	bacteria	否	https://ictv.global/report/information/virus-properties?items_per_page=100	
Bacilladnaviridae	protists, invertebrates	否	https://ictv.global/report/information/virus-properties?items_per_page=100	
Barnaviridae	fungi	否	https://ictv.global/report/information/virus-properties?items_per_page=100	
Belpaoviridae	invertebrates, vertebrates	否	https://ictv.global/report/information/virus-properties?items_per_page=100	
Berryhillviridae	bacteria	否	https://ictv.global/report/information/virus-properties?items_per_page=100	
Betaormycoviridae	fungi, protists	否	https://ictv.global/report/information/virus-properties?items_per_page=100	
Bidnaviridae	invertebrates	否	https://ictv.global/report/information/virus-properties?items_per_page=100	
Birnaviridae	invertebrates, vertebrates	否	https://ictv.global/report/information/virus-properties?items_per_page=100	
Blumeviridae	bacteria	否	https://ictv.global/report/information/virus-properties?items_per_page=100	
Bornaviridae	vertebrates	否	https://ictv.global/report/information/virus-properties?items_per_page=100	
Botybirnaviridae	fungi	否	https://ictv.global/report/information/virus-properties?items_per_page=100	
Buchnerviridae	bacteria	否	https://ictv.global/report/information/virus-properties?items_per_page=100	
Caliciviridae	vertebrates	否	https://ictv.global/report/information/virus-properties?items_per_page=100	
Carmotetraviridae	invertebrates	否	https://ictv.global/report/information/virus-properties?items_per_page=100	
Casidaviridae	bacteria	否	https://ictv.global/report/information/virus-properties?items_per_page=100	
Casjensviridae	bacteria	否	https://ictv.global/report/information/virus-properties?items_per_page=100	
Chaseviridae	bacteria	否	https://ictv.global/report/information/virus-properties?items_per_page=100	
Chimalliviridae	bacteria	否	https://ictv.global/report/information/virus-properties?items_per_page=100	
Chrysoviridae	fungi, plants, invertebrates	是	https://ictv.global/report/information/virus-properties?items_per_page=100	
Chuviridae	invertebrates, vertebrates	否	https://ictv.global/report/information/virus-properties?items_per_page=100	
Circoviridae	invertebrates, vertebrates	否	https://ictv.global/report/information/virus-properties?items_per_page=100	
Clermontviridae	archaea	否	https://ictv.global/report/information/virus-properties?items_per_page=100	
Colingsworthviridae	bacteria	否	https://ictv.global/report/information/virus-properties?items_per_page=100	
Connertonviridae	bacteria	否	https://ictv.global/report/information/virus-properties?items_per_page=100	
Coronaviridae	vertebrates	否	https://ictv.global/report/information/virus-properties?items_per_page=100	
Cremegaviridae	vertebrates	否	https://ictv.global/report/information/virus-properties?items_per_page=100	
Crevaviridae	bacteria	否	https://ictv.global/report/information/virus-properties?items_per_page=100	
Cruciviridae	未收录	未确定	https://ictv.global/report/information/virus-properties?items_per_page=100	MSL41 无此科；系 proposed 科名（CRESS-DNA 病毒类群），未获 ICTV 采纳
Cruliviridae	invertebrates	否	https://ictv.global/report/information/virus-properties?items_per_page=100	
Curvulaviridae	fungi	否	https://ictv.global/report/information/virus-properties?items_per_page=100	
Darmviridae	bacteria	否	https://ictv.global/report/information/virus-properties?items_per_page=100	
Deltaflexiviridae	fungi	否	https://ictv.global/report/information/virus-properties?items_per_page=100	
Deltaormycoviridae	protists, fungi	否	https://ictv.global/report/information/virus-properties?items_per_page=100	
Demerecviridae	bacteria	否	https://ictv.global/report/information/virus-properties?items_per_page=100	
Dicistroviridae	invertebrates	否	https://ictv.global/report/information/virus-properties?items_per_page=100	
Discoviridae	fungi	否	https://ictv.global/report/information/virus-properties?items_per_page=100	
Dishuiviroviridae	protists	否	https://ictv.global/report/information/virus-properties?items_per_page=100	
Draupnirviridae	invertebrates, vertebrates	否	https://ictv.global/report/information/virus-properties?items_per_page=100	
Drexlerviridae	bacteria	否	https://ictv.global/report/information/virus-properties?items_per_page=100	
Dumbiviridae	fungi	否	https://ictv.global/report/information/virus-properties?items_per_page=100	
Duneviridae	bacteria	否	https://ictv.global/report/information/virus-properties?items_per_page=100	
Ehrlichviridae	bacteria	否	https://ictv.global/report/information/virus-properties?items_per_page=100	
Endolinaviridae	protists	否	https://ictv.global/report/information/virus-properties?items_per_page=100	
Epsomviridae	bacteria	否	https://ictv.global/report/information/virus-properties?items_per_page=100	
Eupolintoviridae	invertebrates, vertebrates	否	https://ictv.global/report/information/virus-properties?items_per_page=100	
Euroniviridae	invertebrates	否	https://ictv.global/report/information/virus-properties?items_per_page=100	
Fervensiviridae	archaea	否	https://ictv.global/report/information/virus-properties?items_per_page=100	官方 MSL41 科名为 Fervensviridae（现行科，宿主 archaea）；名单拼写 Fervensiviridae 疑为笔误，已按官方科名核对填值。
Fiersviridae	bacteria	否	https://ictv.global/report/information/virus-properties?items_per_page=100	
Filamentoviridae	invertebrates	否	https://ictv.global/report/information/virus-properties?items_per_page=100	
Filoviridae	vertebrates	否	https://ictv.global/report/information/virus-properties?items_per_page=100	
Fusariviridae	protists, fungi	否	https://ictv.global/report/information/virus-properties?items_per_page=100	
Fuselloviridae	archaea	否	https://ictv.global/report/information/virus-properties?items_per_page=100	
Gammaflexiviridae	fungi	否	https://ictv.global/report/information/virus-properties?items_per_page=100	
Gammaormycoviridae	fungi	否	https://ictv.global/report/information/virus-properties?items_per_page=100	
Gandrviridae	invertebrates, vertebrates	否	https://ictv.global/report/information/virus-properties?items_per_page=100	
Genomoviridae	fungi, plants, invertebrates, vertebrates	是	https://ictv.global/report/information/virus-properties?items_per_page=100	
Giardiaviridae	protists	否	https://ictv.global/report/information/virus-properties?items_per_page=100	
Graaviviridae	archaea	否	https://ictv.global/report/information/virus-properties?items_per_page=100	
Grimontviridae	bacteria	否	https://ictv.global/report/information/virus-properties?items_per_page=100	
Hadakaviridae	fungi	否	https://ictv.global/report/information/virus-properties?items_per_page=100	
Hafunaviridae	archaea	否	https://ictv.global/report/information/virus-properties?items_per_page=100	
Haloferuviridae	archaea	否	https://ictv.global/report/information/virus-properties?items_per_page=100	
Halomagnusviridae	archaea	否	https://ictv.global/report/information/virus-properties?items_per_page=100	
Halspiviridae	archaea	否	https://ictv.global/report/information/virus-properties?items_per_page=100	
Hantaviridae	vertebrates	否	https://ictv.global/report/information/virus-properties?items_per_page=100	
Helgolandviridae	bacteria	否	https://ictv.global/report/information/virus-properties?items_per_page=100	
Hepadnaviridae	vertebrates	否	https://ictv.global/report/information/virus-properties?items_per_page=100	
Hepaciviridae	vertebrates	否	https://ictv.global/report/information/virus-properties?items_per_page=100	
Hepeviridae	vertebrates	否	https://ictv.global/report/information/virus-properties?items_per_page=100	
Herelleviridae	bacteria	否	https://ictv.global/report/information/virus-properties?items_per_page=100	
Hodgkinviridae	bacteria	否	https://ictv.global/report/information/virus-properties?items_per_page=100	
Hydriviridae	soil (S)	未确定	https://ictv.global/report/information/virus-properties?items_per_page=100	官方 Host 为预测值/环境来源，非确定宿主，故 Plants_Included 记未确定
Hypoviridae	fungi, invertebrates	否	https://ictv.global/report/information/virus-properties?items_per_page=100	
Hytrosaviridae	invertebrates	否	https://ictv.global/report/information/virus-properties?items_per_page=100	
Iflaviridae	invertebrates	否	https://ictv.global/report/information/virus-properties?items_per_page=100	
Inoviridae	bacteria	否	https://ictv.global/report/information/virus-properties?items_per_page=100	
Inseviridae	invertebrates	否	https://ictv.global/report/information/virus-properties?items_per_page=100	
Intestiviridae	bacteria	否	https://ictv.global/report/information/virus-properties?items_per_page=100	
Iridoviridae	invertebrates, vertebrates	否	https://ictv.global/report/information/virus-properties?items_per_page=100	
Itzamnaviridae	archaea	否	https://ictv.global/report/information/virus-properties?items_per_page=100	
Jeanschmidtviridae	bacteria	否	https://ictv.global/report/information/virus-properties?items_per_page=100	
Kanorauviridae	plants, invertebrates, vertebrates	是	https://ictv.global/report/information/virus-properties?items_per_page=100	
Kirkoviridae	vertebrates	否	https://ictv.global/report/information/virus-properties?items_per_page=100	
Kleczkowskaviridae	bacteria	否	https://ictv.global/report/information/virus-properties?items_per_page=100	
Kolmioviridae	vertebrates	否	https://ictv.global/report/information/virus-properties?items_per_page=100	
Konodaiviridae	bacteria	否	https://ictv.global/report/information/virus-properties?items_per_page=100	
Krittikaviridae	archaea	否	https://ictv.global/report/information/virus-properties?items_per_page=100	
Kyanoviridae	bacteria	否	https://ictv.global/report/information/virus-properties?items_per_page=100	
Lakviridae	bacteria	否	https://ictv.global/report/information/virus-properties?items_per_page=100	
Lebotiviridae	invertebrates	否	https://ictv.global/report/information/virus-properties?items_per_page=100	
Leishbuviridae	protists	否	https://ictv.global/report/information/virus-properties?items_per_page=100	
Lindbergviridae	bacteria	否	https://ictv.global/report/information/virus-properties?items_per_page=100	
Lipothrixviridae	archaea	否	https://ictv.global/report/information/virus-properties?items_per_page=100	
Lispiviridae	invertebrates	否	https://ictv.global/report/information/virus-properties?items_per_page=100	
Ludisviridae	bacteria	否	https://ictv.global/report/information/virus-properties?items_per_page=100	
Malacoherpesviridae	invertebrates	否	https://ictv.global/report/information/virus-properties?items_per_page=100	
Mamonoviridae	protists	否	https://ictv.global/report/information/virus-properties?items_per_page=100	
Marnaviridae	protists	否	https://ictv.global/report/information/virus-properties?items_per_page=100	
Marseilleviridae	protists	否	https://ictv.global/report/information/virus-properties?items_per_page=100	
Matonaviridae	vertebrates	否	https://ictv.global/report/information/virus-properties?items_per_page=100	
Maviroviridae	protists	否	https://ictv.global/report/information/virus-properties?items_per_page=100	
Medioniviridae	invertebrates	否	https://ictv.global/report/information/virus-properties?items_per_page=100	
Megabirnaviridae	fungi	否	https://ictv.global/report/information/virus-properties?items_per_page=100	
Megatotiviridae	fungi	否	https://ictv.global/report/information/virus-properties?items_per_page=100	
Mesomimiviridae	protists	否	https://ictv.global/report/information/virus-properties?items_per_page=100	
Mesoniviridae	invertebrates	否	https://ictv.global/report/information/virus-properties?items_per_page=100	
Mesyanzhinovviridae	bacteria	否	https://ictv.global/report/information/virus-properties?items_per_page=100	
Microviridae	未收录	未确定	https://ictv.global/report/information/virus-properties?items_per_page=100	MSL41 无此科；2025 年已废止并升格为纲 Microviricetes（提案 2025.043B），原亚科升为目 Bullavirales/Gokushovirales
Mimiviridae	protists	否	https://ictv.global/report/information/virus-properties?items_per_page=100	
Mitoviridae	fungi, plants	是	https://ictv.global/report/information/virus-properties?items_per_page=100	
Monocitiviridae	fungi	否	https://ictv.global/report/information/virus-properties?items_per_page=100	
Mononiviridae	invertebrates	否	https://ictv.global/report/information/virus-properties?items_per_page=100	
Mtkvariviridae	bacteria	否	https://ictv.global/report/information/virus-properties?items_per_page=100	
Mycoalphaviridae	protists, fungi	否	https://ictv.global/report/information/virus-properties?items_per_page=100	
Mymonaviridae	protists, fungi, invertebrates	否	https://ictv.global/report/information/virus-properties?items_per_page=100	
Nairoviridae	invertebrates, vertebrates	否	https://ictv.global/report/information/virus-properties?items_per_page=100	
Nanghoshaviridae	vertebrates	否	https://ictv.global/report/information/virus-properties?items_per_page=100	
Nanhypoviridae	vertebrates	否	https://ictv.global/report/information/virus-properties?items_per_page=100	
Narnaviridae	fungi	否	https://ictv.global/report/information/virus-properties?items_per_page=100	
Naryaviridae	protists	否	https://ictv.global/report/information/virus-properties?items_per_page=100	
Natareviridae	invertebrates	否	https://ictv.global/report/information/virus-properties?items_per_page=100	
Nenyaviridae	protists	否	https://ictv.global/report/information/virus-properties?items_per_page=100	
Nimaviridae	invertebrates	否	https://ictv.global/report/information/virus-properties?items_per_page=100	
Nipumfusiviridae	archaea	否	https://ictv.global/report/information/virus-properties?items_per_page=100	
Nodaviridae	invertebrates, vertebrates	否	https://ictv.global/report/information/virus-properties?items_per_page=100	
Noraviridae	invertebrates	否	https://ictv.global/report/information/virus-properties?items_per_page=100	
Nudiviridae	invertebrates	否	https://ictv.global/report/information/virus-properties?items_per_page=100	
Nyamiviridae	invertebrates, vertebrates	否	https://ictv.global/report/information/virus-properties?items_per_page=100	
Oomyviridae	predicted protists	未确定	https://ictv.global/report/information/virus-properties?items_per_page=100	官方 Host 为预测值/环境来源，非确定宿主，故 Plants_Included 记未确定
Ootiviridae	protists	否	https://ictv.global/report/information/virus-properties?items_per_page=100	
Orpheoviridae	protists	否	https://ictv.global/report/information/virus-properties?items_per_page=100	
Orthoherpesviridae	vertebrates	否	https://ictv.global/report/information/virus-properties?items_per_page=100	
Orthomyxoviridae	invertebrates, vertebrates	否	https://ictv.global/report/information/virus-properties?items_per_page=100	
Ouroboviridae	invertebrates, vertebrates	否	https://ictv.global/report/information/virus-properties?items_per_page=100	
Ourmiaviridae	invertebrates, plants	是	https://ictv.global/report/information/virus-properties?items_per_page=100	
Pachyviridae	bacteria	否	https://ictv.global/report/information/virus-properties?items_per_page=100	
Pandoraviridae	未收录	未确定	https://ictv.global/report/information/virus-properties?items_per_page=100	MSL41 无此科（全表亦无 Pandoravirus 属）；系 proposed 巨病毒科名，未获 ICTV 采纳
Papillomaviridae	vertebrates	否	https://ictv.global/report/information/virus-properties?items_per_page=100	
Parahypoviridae	fungi	否	https://ictv.global/report/information/virus-properties?items_per_page=100	
Paramyxoviridae	vertebrates	否	https://ictv.global/report/information/virus-properties?items_per_page=100	
Parvoviridae	invertebrates, vertebrates	否	https://ictv.global/report/information/virus-properties?items_per_page=100	
Pecoviridae	vertebrates	否	https://ictv.global/report/information/virus-properties?items_per_page=100	
Peduoviridae	bacteria	否	https://ictv.global/report/information/virus-properties?items_per_page=100	
Permutotetraviridae	invertebrates	否	https://ictv.global/report/information/virus-properties?items_per_page=100	
Pestiviridae	vertebrates, invertebrates, plants	是	https://ictv.global/report/information/virus-properties?items_per_page=100	
Phasmaviridae	invertebrates	否	https://ictv.global/report/information/virus-properties?items_per_page=100	
Phlegiviridae	fungi	否	https://ictv.global/report/information/virus-properties?items_per_page=100	
Phycodnaviridae	protists	否	https://ictv.global/report/information/virus-properties?items_per_page=100	
Phypoliviridae	protists	否	https://ictv.global/report/information/virus-properties?items_per_page=100	
Picobirnaviridae	bacteria	否	https://ictv.global/report/information/virus-properties?items_per_page=100	
Picornaviridae	vertebrates	否	https://ictv.global/report/information/virus-properties?items_per_page=100	
Pithoviridae	protists	否	https://ictv.global/report/information/virus-properties?items_per_page=100	
Pneumoviridae	vertebrates	否	https://ictv.global/report/information/virus-properties?items_per_page=100	
Polycipiviridae	invertebrates	否	https://ictv.global/report/information/virus-properties?items_per_page=100	
Polymycoviridae	fungi	否	https://ictv.global/report/information/virus-properties?items_per_page=100	
Polyomaviridae	vertebrates	否	https://ictv.global/report/information/virus-properties?items_per_page=100	
Pootjesviridae	bacteria	否	https://ictv.global/report/information/virus-properties?items_per_page=100	
Poxviridae	invertebrates, vertebrates	否	https://ictv.global/report/information/virus-properties?items_per_page=100	
Pseudototiviridae	protists, fungi, vertebrates	否	https://ictv.global/report/information/virus-properties?items_per_page=100	
Pseudoviridae	protists, fungi, plants, invertebrates	是	https://ictv.global/report/information/virus-properties?items_per_page=100	
Pyrstoviridae	archaea	否	https://ictv.global/report/information/virus-properties?items_per_page=100	
Quadriviridae	fungi	否	https://ictv.global/report/information/virus-properties?items_per_page=100	
Redondoviridae	vertebrates	否	https://ictv.global/report/information/virus-properties?items_per_page=100	
Rhizouliviridae	fungi	否	https://ictv.global/report/information/virus-properties?items_per_page=100	
Roniviridae	invertebrates	否	https://ictv.global/report/information/virus-properties?items_per_page=100	
Rountreeviridae	bacteria	否	https://ictv.global/report/information/virus-properties?items_per_page=100	
Salasmaviridae	bacteria	否	https://ictv.global/report/information/virus-properties?items_per_page=100	
Sarkviridae	bacteria	否	https://ictv.global/report/information/virus-properties?items_per_page=100	
Schitoviridae	bacteria	否	https://ictv.global/report/information/virus-properties?items_per_page=100	
Schizomimiviridae	protists	否	https://ictv.global/report/information/virus-properties?items_per_page=100	
Shortaselviridae	archaea	否	https://ictv.global/report/information/virus-properties?items_per_page=100	
Sinhaliviridae	invertebrates	否	https://ictv.global/report/information/virus-properties?items_per_page=100	
Smacoviridae	predicted archaea	未确定	https://ictv.global/report/information/virus-properties?items_per_page=100	官方 Host 为预测值/环境来源，非确定宿主，故 Plants_Included 记未确定
Solinviviridae	invertebrates	否	https://ictv.global/report/information/virus-properties?items_per_page=100	
Spiciviridae	plants, invertebrates	是	https://ictv.global/report/information/virus-properties?items_per_page=100	
Splipalmiviridae	fungi	否	https://ictv.global/report/information/virus-properties?items_per_page=100	
Sputniviroviridae	protists	否	https://ictv.global/report/information/virus-properties?items_per_page=100	
Stackebrandtviridae	bacteria	否	https://ictv.global/report/information/virus-properties?items_per_page=100	
Stanwilliamsviridae	bacteria	否	https://ictv.global/report/information/virus-properties?items_per_page=100	
Steigviridae	bacteria	否	https://ictv.global/report/information/virus-properties?items_per_page=100	
Steitzviridae	bacteria	否	https://ictv.global/report/information/virus-properties?items_per_page=100	
Straboviridae	bacteria	否	https://ictv.global/report/information/virus-properties?items_per_page=100	
Sunviridae	vertebrates	否	https://ictv.global/report/information/virus-properties?items_per_page=100	
Suoliviridae	bacteria	否	https://ictv.global/report/information/virus-properties?items_per_page=100	
Tectiviridae	bacteria	否	https://ictv.global/report/information/virus-properties?items_per_page=100	
Tobaniviridae	vertebrates	否	https://ictv.global/report/information/virus-properties?items_per_page=100	
Tobaliviridae	fungi	否	https://ictv.global/report/information/virus-properties?items_per_page=100	
Tomosaviridae	plants	是	https://ictv.global/report/information/virus-properties?items_per_page=100	
Toyamaviridae	bacteria	否	https://ictv.global/report/information/virus-properties?items_per_page=100	
Trimbiviridae	fungi	否	https://ictv.global/report/information/virus-properties?items_per_page=100	
Tulasviridae	fungi	否	https://ictv.global/report/information/virus-properties?items_per_page=100	
Vandenendeviridae	bacteria	否	https://ictv.global/report/information/virus-properties?items_per_page=100	
Vertoviridae	archaea	否	https://ictv.global/report/information/virus-properties?items_per_page=100	
Vilmaviridae	bacteria	否	https://ictv.global/report/information/virus-properties?items_per_page=100	
Winoviridae	bacteria	否	https://ictv.global/report/information/virus-properties?items_per_page=100	
Wupedeviridae	invertebrates	否	https://ictv.global/report/information/virus-properties?items_per_page=100	
Xinmoviridae	invertebrates	否	https://ictv.global/report/information/virus-properties?items_per_page=100	
Yadokariviridae	fungi	否	https://ictv.global/report/information/virus-properties?items_per_page=100	
Yangangviridae	archaea	否	https://ictv.global/report/information/virus-properties?items_per_page=100	
Yaraviridae	protists	否	https://ictv.global/report/information/virus-properties?items_per_page=100	
Yueviridae	invertebrates	否	https://ictv.global/report/information/virus-properties?items_per_page=100	
Zierdtviridae	bacteria	否	https://ictv.global/report/information/virus-properties?items_per_page=100	
Zimmerviridae	bacteria	否	https://ictv.global/report/information/virus-properties?items_per_page=100	
Zobellviridae	bacteria	否	https://ictv.global/report/information/virus-properties?items_per_page=100	
Reoviridae	未收录	未确定	https://ictv.global/report/information/virus-properties?items_per_page=100	MSL41 无此科；2021 年（MSL36）已拆分为 Sedoreoviridae 与 Spinareoviridae（二者均为现行科）
Virgaviridae	plants	是	https://ictv.global/report/information/virus-properties?items_per_page=100	
Solemoviridae	plants	是	https://ictv.global/report/information/virus-properties?items_per_page=100	
