Family	goji05	onekp05	gojiPL	onekpPL	植物库记录	代表属(Top3)
Ackermannviridae	5	8	0	0	0	Vapseptimavirus(5), Kuttervirus(2), Tedavirus(2)
Adamaviridae	0	12	0	0	0	Dolmedivirus(8), Harfovirus(1), Zirakzivirus(1)
Adomaviridae	0	23	0	0	0	
Ahmunviridae	2	32	0	0	0	Yumkaaxvirus(34)
Aliceevansviridae	9	324	0	0	0	Brussowvirus(329), Moineauvirus(4)
Aliusviridae	0	19	0	0	0	Ollusvirus(13), Obscuruvirus(4)
Alphaormycoviridae	0	18	0	0	0	Phormycovirus(13), Dormycovirus(5)
Alphatetraviridae	4	44	0	0	0	Omegatetravirus(34), Betatetravirus(1)
Alternaviridae	2	87	0	0	0	Alternavirus(88)
Amnoonviridae	1	7	0	0	0	Tilapinevirus(2)
Anamaviridae	0	1	0	0	0	Tsukubavirus(1)
Andersonviridae	7	8	0	0	0	Mooglevirus(8), Felixounavirus(6)
Anelloviridae	219	6863	0	0	0	Alphatorquevirus(1214), Betatorquevirus(1071), Gammatorquevirus(165)
Aoguangviridae	1	10	0	0	0	Aobingvirus(8)
Apasviridae	125	412	0	0	0	Agnivirus(537)
Arenbergviridae	9	149	0	0	0	Wroclawvirus(152)
Arteriviridae	12	422	0	0	0	Betaarterivirus(324), Alphaarterivirus(10), Etaarterivirus(8)
Artiviridae	0	12	0	0	0	Artivirus(6)
Artoviridae	0	11	0	0	0	Peropuvirus(9), Hexartovirus(2)
Ascoviridae	64	407	0	0	0	Toursvirus(320), Ascovirus(142)
Asfarviridae	7	165	0	0	0	Asfivirus(153)
Assiduviridae	0	3	0	0	0	Cebadecemvirus(2), Cellubavirus(1)
Autographiviridae	5	703	0	0	0	Votkovvirus(1), Gyeongsanvirus(1)
Autonotataviridae	1	1	0	0	0	Pollyceevirus(1)
Autoscriptoviridae	9	3	0	0	0	Kantovirus(4), Actinidiaevirus(3), Phimunavirus(3)
Autosignataviridae	4	23	0	0	0	Kaohsiungvirus(26), Ulipvirus(1)
Autotranscriptaviridae	0	11	0	0	0	Przondovirus(5), Kayfunavirus(5), Ghunavirus(1)
Bacilladnaviridae	1	16	0	0	0	Protobacilladnavirus(10), Kieseladnavirus(3), Bacilladnavirus(3)
Barnaviridae	5	45	3	0	0	Barnavirus(8), Enamovirus(2), Sobemovirus(1)
Belpaoviridae	1	0	0	0	0	Semotivirus(1)
Berryhillviridae	1	14	0	0	0	Eastwestvirus(1), Vibakivirus(1), Sicariusvirus(1)
Betaormycoviridae	2	1	0	0	0	Vormycovirus(2), Stormycovirus(1)
Bidnaviridae	0	12	0	0	0	Bidensovirus(1)
Birnaviridae	2	48	0	0	0	Avibirnavirus(17), Aquabirnavirus(4), Telnavirus(2)
Blumeviridae	0	1	0	0	0	
Bornaviridae	2	21	0	0	0	Orthobornavirus(15), Cultervirus(8)
Botybirnaviridae	17	25	0	0	0	Botybirnavirus(42)
Buchnerviridae	0	1	0	0	0	Vieuvirus(1)
Caliciviridae	27	713	0	0	0	Norovirus(422), Sapovirus(117), Vesivirus(38)
Carmotetraviridae	0	2	0	0	0	Alphacarmotetravirus(1)
Casidaviridae	1	1	0	0	0	Baileybluvirus(1), Yangvirus(1)
Casjensviridae	3	8	0	0	0	Gediminasvirus(3), Ahduovirus(2)
Chaseviridae	2	13	0	0	0	Carltongylesvirus(15)
Chimalliviridae	25	697	0	0	0	Miltoncavirus(362), Pawinskivirus(156), Phikzvirus(148)
Chrysoviridae	7	128	0	0	0	Alphachrysovirus(97), Betachrysovirus(20)
Chuviridae	14	118	0	0	0	Mivirus(28), Nigecruvirus(13), Chuvivirus(4)
Circoviridae	4	257	0	0	0	Circovirus(195), Cyclovirus(43)
Clermontviridae	0	1	0	0	0	Ventrumvirus(1)
Colingsworthviridae	1	4	0	0	0	Shaekyvirus(2), Tigunavirus(1), Sycamorevirus(1)
Connertonviridae	1	10	0	0	0	Fletchervirus(1), Firehammervirus(1)
Coronaviridae	46	807	0	0	0	Betacoronavirus(253), Alphacoronavirus(182), Gammacoronavirus(123)
Cremegaviridae	0	3	0	0	0	Pontunivirus(2), Sicregavirus(1)
Crevaviridae	0	1	0	0	0	Kingevirus(1)
Cruciviridae	0	2	0	0	0	
Cruliviridae	0	4	0	0	0	Lincruvirus(4)
Curvulaviridae	2	26	0	0	0	Orthocurvulavirus(28)
Darmviridae	0	4	0	0	0	Chuhaivirus(4)
Deltaormycoviridae	0	1	0	0	0	Bormycovirus(1)
Demerecviridae	7	86	0	0	0	Tequintavirus(45), Epseptimavirus(42), Jesfedecavirus(2)
Discoviridae	17	2	3	0	0	Orthodiscovirus(22)
Dishuiviroviridae	0	3	0	0	0	Essdubovirus(3)
Draupnirviridae	6	12	4	2	0	Malificivirus(8), Torentivirus(3), Volantivirus(2)
Drexlerviridae	0	12	0	0	0	Loudonvirus(9), Julespiccardvirus(1)
Dumbiviridae	0	2	0	0	0	Orthodumbivirus(2)
Duneviridae	7	10	0	0	0	Unahavirus(17)
Ehrlichviridae	0	1	0	0	0	
Endolinaviridae	0	4	0	0	0	Hudisavirus(2), Camdisavirus(1), Chidisavirus(1)
Epsomviridae	9	1	0	0	0	Wendovervirus(10)
Eupolintoviridae	3	20	0	0	0	Betadintovirus(4)
Euroniviridae	1	2	0	0	0	Paguronivirus(2), Charybnivirus(1)
Fervensviridae	10	0	0	0	0	Deepoceanvirus(10)
Fiersviridae	18	0	0	0	0	Cintrevirus(2), Kuhshuvirus(2), Andhaxevirus(2)
Filamentoviridae	31	41	0	0	0	Betafilamentovirus(56), Alphafilamentovirus(16)
Filoviridae	2	47	0	0	0	Tapjovirus(22), Orthoebolavirus(9), Orthomarburgvirus(4)
Fusariviridae	6	104	0	0	0	Alphafusarivirus(45), Betafusarivirus(13), Gammafusarivirus(6)
Fuselloviridae	1	0	0	0	0	Betafusellovirus(1)
Gammaormycoviridae	2	2	0	0	0	Tormycovirus(3), Hormycovirus(1)
Giardiaviridae	0	1	0	0	0	Giardiavirus(1)
Graaviviridae	10	3	0	0	0	Beejeyvirus(13)
Grimontviridae	1	6	0	0	0	Crifsvirus(3), Lahexavirus(1)
Hadakaviridae	1	0	0	0	0	Hadakavirus(1)
Hafunaviridae	1	24	0	0	0	Mincapvirus(20), Haloferacalesvirus(5)
Haloferuviridae	3	29	0	0	0	Retbasiphovirus(2), Dpdavirus(1)
Halomagnusviridae	1	4	0	0	0	Hagravirus(5)
Halspiviridae	1	0	0	0	0	Salterprovirus(1)
Hantaviridae	17	160	0	0	0	Orthohantavirus(145), Mobatvirus(11), Percilovirus(4)
Helgolandviridae	0	1	0	0	0	Leefvirus(1)
Hepadnaviridae	20	513	0	0	0	Orthohepadnavirus(516), Avihepadnavirus(7), Metahepadnavirus(5)
Hepeviridae	27	1253	0	0	0	Paslahepevirus(469), Rocahepevirus(190), Orthohepevirus(33)
Hodgkinviridae	1	14	0	0	0	Fuzzbustervirus(13), Quhwahvirus(1), Metamorphoovirus(1)
Hydriviridae	236	0	1	0	0	Alphahydrivirus(237)
Hytrosaviridae	22	241	0	0	0	Muscavirus(176), Glossinavirus(68)
Iflaviridae	25	990	4	0	0	Iflavirus(884)
Inoviridae	4	1	0	0	0	
Inseviridae	1	35	0	0	0	Insevirus(36)
Intestiviridae	0	4	0	0	0	Hacihdavirus(2), Rudgehvirus(1)
Itzamnaviridae	1	0	0	0	0	Pletoitzamnavirus(1)
Jeanschmidtviridae	5	181	0	0	0	Kikimoravirus(16), Marchewkavirus(11), Bajunvirus(1)
Kanorauviridae	6	64	1	0	0	Shabtayvirus(50), Ninurtavirus(8), Shanivirus(4)
Kirkoviridae	0	6	0	0	0	Aglavirus(4), Ossirvirus(1), Melianvirus(1)
Kleczkowskaviridae	5	210	0	0	0	Cuauhnahuacvirus(214)
Kolmioviridae	16	282	0	0	0	Deltavirus(292), Perideltavirus(1), Thurisazvirus(1)
Konodaiviridae	1	0	0	0	0	Shienvirus(1)
Krittikaviridae	1	14	0	0	0	Velanvirus(15)
Kyanoviridae	120	2728	0	0	0	Haifavirus(514), Yellowseavirus(504), Salacisavirus(227)
Lakviridae	53	1060	0	0	0	Amboselivirus(843), Hatfieldvirus(99), Vetruanivirus(65)
Lebotiviridae	0	1	0	0	0	Lebotivirus(1)
Leishbuviridae	0	13	0	0	0	Shilevirus(4)
Lindbergviridae	3	26	0	0	0	Myosmarvirus(12), Carpasinavirus(9), Plutovirus(8)
Lipothrixviridae	9	55	0	0	0	Betalipothrixvirus(41)
Lispiviridae	5	48	0	0	0	Arlivirus(9), Usmuvirus(5), Artemvirus(4)
Ludisviridae	0	1	0	0	0	Ludisvirus(1)
Malacoherpesviridae	13	322	0	0	0	Ostreavirus(32), Aurivirus(24)
Marnaviridae	25	414	0	0	0	Sogarnavirus(78), Salisharnavirus(27), Locarnavirus(11)
Matonaviridae	5	254	0	0	0	Rubivirus(248)
Medioniviridae	2	53	0	0	0	Turrinivirus(29), Bolenivirus(10)
Megabirnaviridae	0	17	0	0	0	Megabirnavirus(15)
Megatotiviridae	4	7	0	0	0	Megatotivirus(11)
Mesoniviridae	6	91	0	0	0	Alphamesonivirus(24), Nasenivirus(16), Tofonivirus(7)
Mesyanzhinovviridae	2	21	0	0	0	Vojvodinavirus(7), Bosavirus(6), Keylargovirus(3)
Metaviridae	133	5333	6	102	0	Metavirus(5253), Errantivirus(143), Badnavirus(26)
Microviridae	2	1	0	0	0	
Monocitiviridae	0	1	0	0	0	Monocitivirus(1)
Mononiviridae	0	3	0	0	0	Alphamononivirus(1)
Mtkvariviridae	0	2	0	0	0	Kuravirus(2)
Mycoalphaviridae	1	18	0	0	0	Betasclernavirus(19)
Mymonaviridae	20	79	0	0	0	Botrytimonavirus(18), Sclerotimonavirus(17), Phyllomonavirus(15)
Nairoviridae	62	1386	0	0	0	Orthonairovirus(352), Ocetevirus(127), Norwavirus(39)
Nanghoshaviridae	0	8	0	0	0	Chimshavirus(8)
Nanhypoviridae	0	4	0	0	0	Sajorinivirus(4)
Narnaviridae	67	1069	1	0	0	Narnavirus(793), Ourmiavirus(1)
Naryaviridae	1	2	0	0	0	Nauglamirvirus(2), Nimphelosvirus(1)
Natareviridae	0	1	0	0	0	Charybdivirus(1)
Nenyaviridae	24	835	0	0	0	Galvornvirus(857), Mazarbulvirus(1), Valinorvirus(1)
Nipumfusiviridae	1	0	0	0	0	Marefusivirus(1)
Nodaviridae	18	460	0	0	0	Alphanodavirus(19), Betanodavirus(9)
Noraviridae	0	3	0	0	0	Orthonoravirus(3)
Nyamiviridae	2	89	0	0	0	Nyavirus(50), Crustavirus(10), Formivirus(10)
Oomyviridae	0	9	0	0	0	Avoomyvirus(7), Nicoomyvirus(2)
Ootiviridae	0	7	0	0	0	Ootivirus(7)
Orthomyxoviridae	22	496	0	0	0	Alphainfluenzavirus(421), Quaranjavirus(14), Betainfluenzavirus(11)
Ouroboviridae	0	4	0	0	0	Demetevirus(1), Eurynomevirus(1), Stentovirus(1)
Pachyviridae	1	0	0	0	0	Gundelvirus(1)
Parahypoviridae	1	18	0	0	0	Betahypovirus(19)
Paramyxoviridae	51	605	0	0	0	Jeilongvirus(124), Orthoavulavirus(107), Parahenipavirus(100)
Parvoviridae	37	1399	0	0	0	Bocaparvovirus(538), Protoparvovirus(132), Chapparvovirus(83)
Pecoviridae	0	2	0	0	0	Capamivirus(1), Quillavirus(1)
Permutotetraviridae	5	75	0	0	0	Alphapermutotetravirus(3)
Pestiviridae	25	427	0	0	0	Orthopestivirus(350), Boletivirus(54), Koshovirus(1)
Phasmaviridae	0	56	0	0	0	Orthophasmavirus(11), Feravirus(6), Hymovirus(2)
Phlegiviridae	1	30	0	0	0	Phlegivirus(31)
Phypoliviridae	0	6	0	0	0	Tetrivirus(6)
Pneumoviridae	4	138	0	0	0	Orthopneumovirus(94), Metapneumovirus(47)
Polycipiviridae	4	70	0	0	0	Sopolycivirus(9), Chipolycivirus(5), Hupolycivirus(1)
Polymycoviridae	22	51	0	0	0	Polymycovirus(55), Multimycovirus(14), Plurimycovirus(3)
Polyomaviridae	9	266	0	0	0	Thetapolyomavirus(67), Alphapolyomavirus(52), Betapolyomavirus(34)
Pootjesviridae	1	151	0	0	0	Emnonavirus(139), Innesvirus(3), Heverleevirus(1)
Pseudototiviridae	21	342	0	0	0	Victorivirus(348), Trichomonasvirus(8), Leishmaniavirus(6)
Pyrstoviridae	1	0	0	0	0	Hatrivirus(1)
Quadriviridae	0	2	0	0	0	Quadrivirus(2)
Redondoviridae	0	3	0	0	0	Torbevirus(2)
Rhizouliviridae	0	5	0	0	0	Rhizoulivirus(5)
Roniviridae	1	75	0	0	0	Okavirus(61), Nimanivirus(15)
Rountreeviridae	0	1	0	0	0	Fischettivirus(1)
Salasmaviridae	0	2	0	0	0	Beecentumtrevirus(1), Bahkauvirus(1)
Sarkviridae	1	10	0	0	0	Jerseyvirus(3), Cornellvirus(2), Otakuvirus(1)
Schitoviridae	8	31	0	0	0	Yonginvirus(15), Waedenswilvirus(9), Pourcelvirus(6)
Shortaselviridae	2	0	0	0	0	Lonfivirus(2)
Sinhaliviridae	4	64	0	0	0	Sinaivirus(61)
Smacoviridae	6	92	0	0	0	Porprismacovirus(36), Felismacovirus(6), Inpeasmacovirus(2)
Solinviviridae	2	22	0	0	0	Invictavirus(2), Nyfulvavirus(1)
Spiciviridae	0	22	0	0	0	Spicivirus(22)
Splipalmiviridae	9	14	0	0	0	Delepalmivirus(11), Jakapalmivirus(8), Divipalmivirus(3)
Sputniviroviridae	0	3	0	0	0	Sputnikvirus(3)
Stackebrandtviridae	2	1	0	0	0	Wizardvirus(1), Clownvirus(1), Vividuovirus(1)
Stanwilliamsviridae	10	18	0	0	0	Karimacvirus(8), Wakandavirus(5), Samistivirus(4)
Steigviridae	8	4	0	0	0	Akihdevirus(5), Pipoluvirus(2), Kahnovirus(2)
Steitzviridae	52	0	0	0	0	Hodnevirus(28), Huhbevirus(6), Lidtloavirus(4)
Straboviridae	14	1106	0	0	0	Biquartavirus(1022), Dhakavirus(16), Krischvirus(12)
Sunviridae	0	1	0	0	0	Sunshinevirus(1)
Suoliviridae	2	10	0	0	0	Buchavirus(4), Besingivirus(3), Cohcovirus(2)
Tectiviridae	1	5	0	0	0	Betatectivirus(1)
Tobaniviridae	14	141	0	0	0	Torovirus(23), Infratovirus(7), Pregotovirus(6)
Toyamaviridae	0	1	0	0	0	Totsukavirus(1)
Trimbiviridae	0	3	0	0	0	Orthotrimbivirus(3)
Tulasviridae	1	8	0	0	0	Paratulasvirus(6), Orthotulasvirus(3)
Vandenendeviridae	1	2	0	0	0	Torinovirus(2), Chemalvirus(1)
Vertoviridae	0	1	0	0	0	Myohalovirus(1)
Vilmaviridae	1	25	0	0	0	Wildcatvirus(11), Faithunavirus(11), Lumosvirus(1)
Winoviridae	0	8	0	0	0	Pippivirus(4)
Wupedeviridae	0	1	0	0	0	Wumivirus(1)
Xinmoviridae	13	32	0	0	0	Anphevirus(6), Gordisvirus(3), Culivirus(3)
Yadokariviridae	0	5	0	0	0	Alphayadokarivirus(5)
Yangangviridae	1	4	0	0	0	Nohelivirus(2), Mathaucavirus(1)
Yaraviridae	1	46	0	0	0	Yaravirus(47)
Yueviridae	0	78	0	0	0	
Zierdtviridae	0	2	0	0	0	Ceetrepovirus(1)
Zimmerviridae	19	221	0	0	0	Jouyvirus(164), Bievrevirus(47), Glaedevirus(21)
Zobellviridae	0	2	0	0	0	Icepovirus(1), Paundecimvirus(1)
