organism,sequence_name,authors,collection_date,bioproject,src-Isolate,src-geo_loc_name,src-Lat_Lon,src-Host,src-Segment,src-Isolation-source,src-Note,src-Tissue_type,src-Collected_by,src-Cultivar,src-Dev_stage,gb-sample_name,gb-title,sra,biosample,cmt-Assembly_Method,cmt-Sequencing_Technology,cmt-Genome_Coverage,cmt-Annotation_Pipeline,bs-isolate,bs-geo_loc_name,bs-host,bs-isolation_source
Rhabdoviridae sp.,SRR17208219_clean_NODE_1_length_15354_cov_1823.675152,"Last, First",20-Jun-2019,PRJNA788208,Rhabdoviridae_sp_SRR17208219,China:Ningxia,38.47 N 106.27 E,Lycium,,,,fruit,Ningxia Academy of Agriculture and Forestry Sciences,cultivated,,Rhabdoviridae_sp_SRR17208219,Rhabdoviridae sp. genome sequencing,SRR17208219,SAMN23931748,MEGAHIT;1.2.9;default parameters,Illumina NovaSeq 6000,,MMPV-RNA v2.3 + suvtk v0.1.1,Rhabdoviridae_sp_SRR17208219,"China, Ningxia, Yinchuan_AI",Lycium,plant virome
Tymovirales sp.,contig_2396,"Last, First",2024,PRJNAXXXXXX,Tymovirales_sp_UNKNOWN,China:Ningxia,XX.XX N XXX.XX E,Lycium barbarum,,,,,,,,Tymovirales_sp_UNKNOWN,Tymovirales sp. genome sequencing,UNKNOWN,SAMNXXXXXXXX,MEGAHIT;1.2.9;default parameters,Illumina NovaSeq 6000,,MMPV-RNA v2.3 + suvtk v0.1.1,Tymovirales_sp_UNKNOWN,Country:Region,,plant virome
Rhabdoviridae sp.,SRR23515444_clean_NODE_1_length_15960_cov_324.624976,"Last, First",18-Feb-2023,PRJNA936275,Rhabdoviridae_sp_SRR23515444,China:Ningxia,38.47 N 106.27 E,Lycium barbarum,,,,fruit,Ningxia University,cultivated,,Rhabdoviridae_sp_SRR23515444,Rhabdoviridae sp. genome sequencing,SRR23515444,SAMN33344186,MEGAHIT;1.2.9;default parameters,Illumina NovaSeq 6000,,MMPV-RNA v2.3 + suvtk v0.1.1,Rhabdoviridae_sp_SRR23515444,"China, Ningxia, Yinchuan_AI",Lycium barbarum,plant virome
Riboviria sp.,SRR23215178_clean_NODE_2_length_9922_cov_7.929841,"Last, First",24-Jan-2023,PRJNA927104,Riboviria_sp_SRR23215178,China:Beijing,39.90 N 116.40 E,Lycium barbarum,,,,leaf,Chinese Academy of Medical Sciences and Peking Union Medic,cultivated,,Riboviria_sp_SRR23215178,Riboviria sp. genome sequencing,SRR23215178,SAMN32901798,MEGAHIT;1.2.9;default parameters,Illumina NovaSeq 6000,,MMPV-RNA v2.3 + suvtk v0.1.1,Riboviria_sp_SRR23215178,"China, Beijing, Unknown_AI",Lycium barbarum,plant virome
Carlavirus sp.,SRR23759245_clean_NODE_2_length_8836_cov_67.202442,"Last, First",09-Mar-2023,PRJNA941957,Carlavirus_sp_SRR23759245,China:Gansu,35.86 N 104.19 E,Lycium barbarum,,,,mixed sample of flower and fruit,Northwest Normal University,,,Carlavirus_sp_SRR23759245,Carlavirus sp. genome sequencing,SRR23759245,SAMN33610682,MEGAHIT;1.2.9;default parameters,Illumina NovaSeq 6000,,MMPV-RNA v2.3 + suvtk v0.1.1,Carlavirus_sp_SRR23759245,"China, Gansu, Minqin_AI",Lycium barbarum,plant virome
Ilarvirus sp.,CRR1126139_clean_NODE_29_length_2874_cov_22.006069,"Last, First",2024,PRJCA025572,Ilarvirus_sp_CRR1126139,China:Beijing,39.90 N 116.40 E,Lycium barbarum,,,,stem tip,Beijing Forestry University,Plant,,Ilarvirus_sp_CRR1126139,Ilarvirus sp. genome sequencing,CRR1126139,SAMC3551102,MEGAHIT;1.2.9;default parameters,ILLUMINA,,MMPV-RNA v2.3 + suvtk v0.1.1,Ilarvirus_sp_CRR1126139,"China, Beijing, Beijing_AI",Lycium barbarum,plant virome
Caudoviricetes sp.,SRR23215178_clean_NODE_705_length_2833_cov_3.971739,"Last, First",24-Jan-2023,PRJNA927104,Caudoviricetes_sp_SRR23215178,China:Beijing,39.90 N 116.40 E,Lycium barbarum,,,,leaf,Chinese Academy of Medical Sciences and Peking Union Medic,cultivated,,Caudoviricetes_sp_SRR23215178,Caudoviricetes sp. genome sequencing,SRR23215178,SAMN32901798,MEGAHIT;1.2.9;default parameters,Illumina NovaSeq 6000,,MMPV-RNA v2.3 + suvtk v0.1.1,Caudoviricetes_sp_SRR23215178,"China, Beijing, Unknown_AI",Lycium barbarum,plant virome
Tobravirus sp.,SRR23587956_clean_NODE_16_length_2766_cov_30.538433,"Last, First",22-Feb-2023,PRJNA936937,Tobravirus_sp_SRR23587956,China:Ningxia,38.47 N 106.27 E,Lycium barbarum,,,,leaf,Ningxia Academy of Agriculture and Forestry Sciences,cultivated,,Tobravirus_sp_SRR23587956,Tobravirus sp. genome sequencing,SRR23587956,SAMN33386295,MEGAHIT;1.2.9;default parameters,Illumina NovaSeq 6000,,MMPV-RNA v2.3 + suvtk v0.1.1,Tobravirus_sp_SRR23587956,"China, Ningxia, Yinchuan_AI",Lycium barbarum,plant virome
Caudoviricetes sp.,SRR23107136_clean_NODE_3612_length_2713_cov_5.008333,"Last, First",18-Jan-2023,PRJNA923465,Caudoviricetes_sp_SRR23107136,China:Ningxia,37.48 N 105.68 E,Lycium barbarum,,,,root,Ningxia Academy of Agriculture and Forestry Sciences,cultivated,,Caudoviricetes_sp_SRR23107136,Caudoviricetes sp. genome sequencing,SRR23107136,SAMN32722910,MEGAHIT;1.2.9;default parameters,Illumina NovaSeq 6000,,MMPV-RNA v2.3 + suvtk v0.1.1,Caudoviricetes_sp_SRR23107136,"China, Ningxia, Unknown_AI",Lycium barbarum,plant virome
Umbravirus sp.,SRR24305230_clean_NODE_2241_length_2694_cov_202.887448,"Last, First",26-Apr-2023,PRJNA961943,Umbravirus_sp_SRR24305230,China:Beijing,39.90 N 116.40 E,Lycium barbarum,,,,gall,Chinese Academy of Medical Sciences and Peking Union Medic,cultivated,,Umbravirus_sp_SRR24305230,Umbravirus sp. genome sequencing,SRR24305230,SAMN34374399,MEGAHIT;1.2.9;default parameters,Illumina NovaSeq 6000,,MMPV-RNA v2.3 + suvtk v0.1.1,Umbravirus_sp_SRR24305230,"China, Beijing, Unknown_AI",Lycium barbarum,plant virome
Poxviridae sp.,SRR23215176_clean_NODE_1524_length_2605_cov_15.903633,"Last, First",24-Jan-2023,PRJNA927104,Poxviridae_sp_SRR23215176,China:Beijing,39.90 N 116.40 E,Lycium barbarum,,,,leaf,Chinese Academy of Medical Sciences and Peking Union Medic,cultivated,,Poxviridae_sp_SRR23215176,Poxviridae sp. genome sequencing,SRR23215176,SAMN32901800,MEGAHIT;1.2.9;default parameters,Illumina NovaSeq 6000,,MMPV-RNA v2.3 + suvtk v0.1.1,Poxviridae_sp_SRR23215176,"China, Beijing, Unknown_AI",Lycium barbarum,plant virome
unclassified viruses,SRR22742698_clean_NODE_220_length_2568_cov_3.116633,"Last, First",14-Dec-2022,PRJNA912239,unclassified_viruses_SRR22742698,China:Ningxia,38.47 N 106.27 E,Lycium barbarum,,,,all plant,Ningxia University,cultivated,,unclassified_viruses_SRR22742698,unclassified viruses genome sequencing,SRR22742698,SAMN32236125,MEGAHIT;1.2.9;default parameters,Illumina NovaSeq 6000,,MMPV-RNA v2.3 + suvtk v0.1.1,unclassified_viruses_SRR22742698,"China, Ningxia, Yinchuan_AI",Lycium barbarum,plant virome
Caudoviricetes sp.,CRR1440127_clean_NODE_327_length_2543_cov_2.888259,"Last, First",2024,PRJCA034309,Caudoviricetes_sp_CRR1440127,China:Beijing,39.90 N 116.40 E,Lycium barbarum,,,,fruit,"Institute of Chinese Materia Medica, China Academy of Chinese Medical Sciences",Nngqi No.10,,Caudoviricetes_sp_CRR1440127,Caudoviricetes sp. genome sequencing,CRR1440127,SAMC4494183,MEGAHIT;1.2.9;default parameters,ILLUMINA,,MMPV-RNA v2.3 + suvtk v0.1.1,Caudoviricetes_sp_CRR1440127,"China, Beijing, Beijing_AI",Lycium barbarum,plant virome
unclassified viruses,CRR527043_clean_NODE_717_length_2345_cov_5.228873,"Last, First",2024,PRJCA010231,unclassified_viruses_CRR527043,China:Ningxia,37.48 N 105.68 E,Lycium barbarum,,,,leaf,"Institute of Biophysics, Chinese Academy of Sciences",Damaye,,unclassified_viruses_CRR527043,unclassified viruses genome sequencing,CRR527043,SAMC810322,MEGAHIT;1.2.9;default parameters,ILLUMINA,,MMPV-RNA v2.3 + suvtk v0.1.1,unclassified_viruses_CRR527043,"China, Ningxia, Unknown_AI",Lycium barbarum,plant virome
Caudoviricetes sp.,SRR33536650_clean_NODE_881_length_2296_cov_3.229420,"Last, First",2024,PRJNA1261615,Caudoviricetes_sp_SRR33536650,China:Ningxia,37.48 N 105.68 E,Lycium barbarum,,,,root,Ningxia Academy of Agriculture and Forestry Sciences,cultivated,,Caudoviricetes_sp_SRR33536650,Caudoviricetes sp. genome sequencing,SRR33536650,SAMN48400335,MEGAHIT;1.2.9;default parameters,Illumina NovaSeq 6000,,MMPV-RNA v2.3 + suvtk v0.1.1,Caudoviricetes_sp_SRR33536650,"China, Ningxia, Unknown_AI",Lycium barbarum,plant virome
Potexvirus sp.,SRR24100148_clean_NODE_1_length_7136_cov_14.727466,"Last, First",06-Apr-2023,PRJNA953064,Potexvirus_sp_SRR24100148,China:Ningxia,38.47 N 106.27 E,Lycium barbarum,,,,fruit,National Goji Engineering Technology Research Center,,,Potexvirus_sp_SRR24100148,Potexvirus sp. genome sequencing,SRR24100148,SAMN34105513,MEGAHIT;1.2.9;default parameters,Illumina NovaSeq 6000,,MMPV-RNA v2.3 + suvtk v0.1.1,Potexvirus_sp_SRR24100148,"China, Ningxia, Yinchuan_AI",Lycium barbarum,plant virome
Vitivirus sp.,CRR527054_clean_NODE_1_length_9150_cov_2322.104550,"Last, First",2024,PRJCA010231,Vitivirus_sp_CRR527054,China:Ningxia,37.48 N 105.68 E,Lycium barbarum,,,,fruit,"Institute of Biophysics, Chinese Academy of Sciences",Plant,,Vitivirus_sp_CRR527054,Vitivirus sp. genome sequencing,CRR527054,SAMC810333,MEGAHIT;1.2.9;default parameters,ILLUMINA,,MMPV-RNA v2.3 + suvtk v0.1.1,Vitivirus_sp_CRR527054,"China, Ningxia, Unknown_AI",Lycium barbarum,plant virome
Alphaflexiviridae sp.,CRR1440123_clean_NODE_3_length_7439_cov_1883.998099,"Last, First",2024,PRJCA034309,Alphaflexiviridae_sp_CRR1440123,China:Beijing,39.90 N 116.40 E,Lycium barbarum,,,,fruit,"Institute of Chinese Materia Medica, China Academy of Chinese Medical Sciences",Nngqi No.10,,Alphaflexiviridae_sp_CRR1440123,Alphaflexiviridae sp. genome sequencing,CRR1440123,SAMC4494179,MEGAHIT;1.2.9;default parameters,ILLUMINA,,MMPV-RNA v2.3 + suvtk v0.1.1,Alphaflexiviridae_sp_CRR1440123,"China, Beijing, Beijing_AI",Lycium barbarum,plant virome
Solemoviridae sp.,CRR527046_clean_NODE_18_length_5363_cov_7.853497,"Last, First",2024,PRJCA010231,Solemoviridae_sp_CRR527046,China:Ningxia,37.48 N 105.68 E,Lycium barbarum,,,,flower,"Institute of Biophysics, Chinese Academy of Sciences",Damaye,,Solemoviridae_sp_CRR527046,Solemoviridae sp. genome sequencing,CRR527046,SAMC810325,MEGAHIT;1.2.9;default parameters,ILLUMINA,,MMPV-RNA v2.3 + suvtk v0.1.1,Solemoviridae_sp_CRR527046,"China, Ningxia, Unknown_AI",Lycium barbarum,plant virome
Alphaflexiviridae sp.,SRR8191317_clean_NODE_3_length_7962_cov_31585.820129,"Last, First",15-Nov-2018,PRJNA505629,Alphaflexiviridae_sp_SRR8191317,United States:Maryland,XX.XX N XXX.XX E,Lycium barbarum,,,,fruit,GEO,L. barbarum_fruit develoment stage 1,,Alphaflexiviridae_sp_SRR8191317,Alphaflexiviridae sp. genome sequencing,SRR8191317,SAMN10430622,MEGAHIT;1.2.9;default parameters,Illumina NovaSeq 6000,,MMPV-RNA v2.3 + suvtk v0.1.1,Alphaflexiviridae_sp_SRR8191317,"United States, Maryland, Bethesda_AI",Lycium barbarum,plant virome
Botourmiaviridae sp.,CRR527042_clean_NODE_452_length_2629_cov_7.050861,"Last, First",2024,PRJCA010231,Botourmiaviridae_sp_CRR527042,China:Ningxia,37.48 N 105.68 E,Lycium barbarum,,,,leaf,"Institute of Biophysics, Chinese Academy of Sciences",Damaye,,Botourmiaviridae_sp_CRR527042,Botourmiaviridae sp. genome sequencing,CRR527042,SAMC810321,MEGAHIT;1.2.9;default parameters,ILLUMINA,,MMPV-RNA v2.3 + suvtk v0.1.1,Botourmiaviridae_sp_CRR527042,"China, Ningxia, Unknown_AI",Lycium barbarum,plant virome
Potexvirus sp.,SRR24100148_clean_NODE_2_length_6551_cov_11.208732,"Last, First",06-Apr-2023,PRJNA953064,Potexvirus_sp_SRR24100148,China:Ningxia,38.47 N 106.27 E,Lycium barbarum,,,,fruit,National Goji Engineering Technology Research Center,,,Potexvirus_sp_SRR24100148,Potexvirus sp. genome sequencing,SRR24100148,SAMN34105513,MEGAHIT;1.2.9;default parameters,Illumina NovaSeq 6000,,MMPV-RNA v2.3 + suvtk v0.1.1,Potexvirus_sp_SRR24100148,"China, Ningxia, Yinchuan_AI",Lycium barbarum,plant virome
Rhabdoviridae sp.,SRR8191322_clean_NODE_1_length_15174_cov_235.553142,"Last, First",15-Nov-2018,PRJNA505629,Rhabdoviridae_sp_SRR8191322,Unknown:Unknown,XX.XX N XXX.XX E,Lycium barbarum,,,,fruit,GEO,wild type,,Rhabdoviridae_sp_SRR8191322,Rhabdoviridae sp. genome sequencing,SRR8191322,SAMN10430592,MEGAHIT;1.2.9;default parameters,Illumina NovaSeq 6000,,MMPV-RNA v2.3 + suvtk v0.1.1,Rhabdoviridae_sp_SRR8191322,"Unknown, Unknown, Unknown_AI",Lycium barbarum,plant virome
Begomovirus sp.,SRR27880476_clean_NODE_162_length_1514_cov_11.394865,"Last, First",01-Jun-2023,PRJNA1073050,Begomovirus_sp_SRR27880476,China:Qinghai,36.62 N 101.77 E,Lycium sp. 'barbarum/ruthenicum',,,,,Qinghai University,cultivated,,Begomovirus_sp_SRR27880476,Begomovirus sp. genome sequencing,SRR27880476,SAMN39785133,MEGAHIT;1.2.9;default parameters,Illumina NovaSeq 6000,,MMPV-RNA v2.3 + suvtk v0.1.1,Begomovirus_sp_SRR27880476,"China, Qinghai, Xining_AI",Lycium sp. 'barbarum/ruthenicum',plant virome
Tombusviridae sp.,SRR6896657_clean_NODE_61_length_1482_cov_2.593161,"Last, First",01-May-2016,PRJNA445678,Tombusviridae_sp_SRR6896657,United States:Massachusetts,XX.XX N XXX.XX E,Lycium barbarum,,,,root,Whitehead Institute of Biomedical Sciences,,,Tombusviridae_sp_SRR6896657,Tombusviridae sp. genome sequencing,SRR6896657,SAMN08795436,MEGAHIT;1.2.9;default parameters,Illumina NovaSeq 6000,,MMPV-RNA v2.3 + suvtk v0.1.1,Tombusviridae_sp_SRR6896657,"United States, Massachusetts, Boston_AI",Lycium barbarum,plant virome
Riboviria sp.,CRR527043_clean_NODE_3098_length_1419_cov_2.124071,"Last, First",2024,PRJCA010231,Riboviria_sp_CRR527043,China:Ningxia,37.48 N 105.68 E,Lycium barbarum,,,,leaf,"Institute of Biophysics, Chinese Academy of Sciences",Damaye,,Riboviria_sp_CRR527043,Riboviria sp. genome sequencing,CRR527043,SAMC810322,MEGAHIT;1.2.9;default parameters,ILLUMINA,,MMPV-RNA v2.3 + suvtk v0.1.1,Riboviria_sp_CRR527043,"China, Ningxia, Unknown_AI",Lycium barbarum,plant virome
Tymovirales sp.,SRR2344924_clean_NODE_24_length_1378_cov_5.286781,"Last, First",10-Sep-2015,PRJNA289730,Tymovirales_sp_SRR2344924,China:Ningxia,38.47 N 106.27 E,Lycium barbarum,,,,leaf of control condition in the stage 2,Ningxia Key Laboratory for Agrobiotechnology,cultivated,,Tymovirales_sp_SRR2344924,Tymovirales sp. genome sequencing,SRR2344924,SAMN04026232,MEGAHIT;1.2.9;default parameters,Illumina NovaSeq 6000,,MMPV-RNA v2.3 + suvtk v0.1.1,Tymovirales_sp_SRR2344924,"China, Ningxia, Yinchuan_AI",Lycium barbarum,plant virome
Potyvirus sp.,SRR23587957_clean_NODE_178_length_1285_cov_1.232673,"Last, First",22-Feb-2023,PRJNA936937,Potyvirus_sp_SRR23587957,China:Ningxia,38.47 N 106.27 E,Lycium barbarum,,,,leaf,Ningxia Academy of Agriculture and Forestry Sciences,cultivated,,Potyvirus_sp_SRR23587957,Potyvirus sp. genome sequencing,SRR23587957,SAMN33386295,MEGAHIT;1.2.9;default parameters,Illumina NovaSeq 6000,,MMPV-RNA v2.3 + suvtk v0.1.1,Potyvirus_sp_SRR23587957,"China, Ningxia, Yinchuan_AI",Lycium barbarum,plant virome
Astroviridae sp.,SRR33536660_clean_NODE_5_length_4105_cov_6.042659,"Last, First",2024,PRJNA1261615,Astroviridae_sp_SRR33536660,China:Ningxia,37.48 N 105.68 E,Lycium barbarum,,,,root,Ningxia Academy of Agriculture and Forestry Sciences,cultivated,,Astroviridae_sp_SRR33536660,Astroviridae sp. genome sequencing,SRR33536660,SAMN48400333,MEGAHIT;1.2.9;default parameters,Illumina NovaSeq 6000,,MMPV-RNA v2.3 + suvtk v0.1.1,Astroviridae_sp_SRR33536660,"China, Ningxia, Unknown_AI",Lycium barbarum,plant virome
Klosneuvirinae sp.,CRR1440136_clean_NODE_334_length_4103_cov_11.983375,"Last, First",2024,PRJCA034309,Klosneuvirinae_sp_CRR1440136,China:Beijing,39.90 N 116.40 E,Lycium barbarum,,,,fruit,"Institute of Chinese Materia Medica, China Academy of Chinese Medical Sciences",Chaoji No.1,,Klosneuvirinae_sp_CRR1440136,Klosneuvirinae sp. genome sequencing,CRR1440136,SAMC4494192,MEGAHIT;1.2.9;default parameters,ILLUMINA,,MMPV-RNA v2.3 + suvtk v0.1.1,Klosneuvirinae_sp_CRR1440136,"China, Beijing, Beijing_AI",Lycium barbarum,plant virome
Riboviria sp.,CRR2703948_clean_NODE_128_length_4008_cov_11.489199,"Last, First",2024,PRJCA056904,Riboviria_sp_CRR2703948,China:Ningxia,37.48 N 105.68 E,Lycium barbarum,,,,fruit,,Plant,,Riboviria_sp_CRR2703948,Riboviria sp. genome sequencing,CRR2703948,SAMC6839844,MEGAHIT;1.2.9;default parameters,BGISEQ,,MMPV-RNA v2.3 + suvtk v0.1.1,Riboviria_sp_CRR2703948,"China, Ningxia, Unknown_AI",Lycium barbarum,plant virome
unclassified viruses,SRR23107136_clean_NODE_1022_length_3780_cov_8.078500,"Last, First",18-Jan-2023,PRJNA923465,unclassified_viruses_SRR23107136,China:Ningxia,37.48 N 105.68 E,Lycium barbarum,,,,root,Ningxia Academy of Agriculture and Forestry Sciences,cultivated,,unclassified_viruses_SRR23107136,unclassified viruses genome sequencing,SRR23107136,SAMN32722910,MEGAHIT;1.2.9;default parameters,Illumina NovaSeq 6000,,MMPV-RNA v2.3 + suvtk v0.1.1,unclassified_viruses_SRR23107136,"China, Ningxia, Unknown_AI",Lycium barbarum,plant virome
Metaviridae sp.,CRR1126140_clean_NODE_77_length_3763_cov_3.311111,"Last, First",2024,PRJCA025572,Metaviridae_sp_CRR1126140,China:Beijing,39.90 N 116.40 E,Lycium barbarum,,,,stem tip,Beijing Forestry University,Ningqi No.1,,Metaviridae_sp_CRR1126140,Metaviridae sp. genome sequencing,CRR1126140,SAMC3551103,MEGAHIT;1.2.9;default parameters,ILLUMINA,,MMPV-RNA v2.3 + suvtk v0.1.1,Metaviridae_sp_CRR1126140,"China, Beijing, Beijing_AI",Lycium barbarum,plant virome
Nucleocytoviricota sp.,SRR23107136_clean_NODE_1348_length_3523_cov_9.115072,"Last, First",18-Jan-2023,PRJNA923465,Nucleocytoviricota_sp_SRR23107136,China:Ningxia,37.48 N 105.68 E,Lycium barbarum,,,,root,Ningxia Academy of Agriculture and Forestry Sciences,cultivated,,Nucleocytoviricota_sp_SRR23107136,Nucleocytoviricota sp. genome sequencing,SRR23107136,SAMN32722910,MEGAHIT;1.2.9;default parameters,Illumina NovaSeq 6000,,MMPV-RNA v2.3 + suvtk v0.1.1,Nucleocytoviricota_sp_SRR23107136,"China, Ningxia, Unknown_AI",Lycium barbarum,plant virome
Riboviria sp.,contig_74,"Last, First",2024,PRJNAXXXXXX,Riboviria_sp_UNKNOWN,China:Ningxia,XX.XX N XXX.XX E,Lycium barbarum,,,,,,,,Riboviria_sp_UNKNOWN,Riboviria sp. genome sequencing,UNKNOWN,SAMNXXXXXXXX,MEGAHIT;1.2.9;default parameters,Illumina NovaSeq 6000,,MMPV-RNA v2.3 + suvtk v0.1.1,Riboviria_sp_UNKNOWN,Country:Region,,plant virome
Caudoviricetes sp.,CRR732660_clean_NODE_117_length_3474_cov_2.995888,"Last, First",2024,PRJCA015572,Caudoviricetes_sp_CRR732660,China:Ningxia,37.48 N 105.68 E,Lycium barbarum,,,,flower,Northwest A&amp;F University,Plant,,Caudoviricetes_sp_CRR732660,Caudoviricetes sp. genome sequencing,CRR732660,SAMC1153762,MEGAHIT;1.2.9;default parameters,ILLUMINA,,MMPV-RNA v2.3 + suvtk v0.1.1,Caudoviricetes_sp_CRR732660,"China, Ningxia, Zhongning_AI",Lycium barbarum,plant virome
Ilarvirus sp.,CRR1126142_clean_NODE_2_length_3472_cov_19.349809,"Last, First",2024,PRJCA025572,Ilarvirus_sp_CRR1126142,China:Beijing,39.90 N 116.40 E,Lycium barbarum,,,,stamen,Beijing Forestry University,Ningqi No.1,,Ilarvirus_sp_CRR1126142,Ilarvirus sp. genome sequencing,CRR1126142,SAMC3551105,MEGAHIT;1.2.9;default parameters,ILLUMINA,,MMPV-RNA v2.3 + suvtk v0.1.1,Ilarvirus_sp_CRR1126142,"China, Beijing, Beijing_AI",Lycium barbarum,plant virome
Riboviria sp.,CRR2703947_clean_NODE_62_length_3305_cov_51.922339,"Last, First",2024,PRJCA056904,Riboviria_sp_CRR2703947,China:Ningxia,37.48 N 105.68 E,Lycium barbarum,,,,fruit,,Ningqi No. 1,,Riboviria_sp_CRR2703947,Riboviria sp. genome sequencing,CRR2703947,SAMC6839843,MEGAHIT;1.2.9;default parameters,BGISEQ,,MMPV-RNA v2.3 + suvtk v0.1.1,Riboviria_sp_CRR2703947,"China, Ningxia, Unknown_AI",Lycium barbarum,plant virome
unclassified viruses,SRR35911571_clean_NODE_3530_length_2101_cov_43.710059,"Last, First",20-May-2025,PRJNA1355153,unclassified_viruses_SRR35911571,China:Beijing,39.90 N 116.40 E,Lycium barbarum,,,,tissue10,Chinese Academy of Sciences,cultivated,,unclassified_viruses_SRR35911571,unclassified viruses genome sequencing,SRR35911571,SAMN52968956,MEGAHIT;1.2.9;default parameters,Illumina NovaSeq 6000,,MMPV-RNA v2.3 + suvtk v0.1.1,unclassified_viruses_SRR35911571,"China, Beijing, Unknown_AI",Lycium barbarum,plant virome
Caudoviricetes sp.,SRR22742703_clean_NODE_3011_length_2071_cov_158.863864,"Last, First",14-Dec-2022,PRJNA912239,Caudoviricetes_sp_SRR22742703,China:Ningxia,38.47 N 106.27 E,Lycium barbarum,,,,all plant,Ningxia University,cultivated,,Caudoviricetes_sp_SRR22742703,Caudoviricetes sp. genome sequencing,SRR22742703,SAMN32236120,MEGAHIT;1.2.9;default parameters,Illumina NovaSeq 6000,,MMPV-RNA v2.3 + suvtk v0.1.1,Caudoviricetes_sp_SRR22742703,"China, Ningxia, Yinchuan_AI",Lycium barbarum,plant virome
Riboviria sp.,SRR33536649_clean_NODE_1416_length_1944_cov_27.481561,"Last, First",2024,PRJNA1261615,Riboviria_sp_SRR33536649,China:Ningxia,37.48 N 105.68 E,Lycium barbarum,,,,root,Ningxia Academy of Agriculture and Forestry Sciences,cultivated,,Riboviria_sp_SRR33536649,Riboviria sp. genome sequencing,SRR33536649,SAMN48400336,MEGAHIT;1.2.9;default parameters,Illumina NovaSeq 6000,,MMPV-RNA v2.3 + suvtk v0.1.1,Riboviria_sp_SRR33536649,"China, Ningxia, Unknown_AI",Lycium barbarum,plant virome
Caudoviricetes sp.,CRR527041_clean_NODE_1629_length_1843_cov_19.371751,"Last, First",2024,PRJCA010231,Caudoviricetes_sp_CRR527041,China:Ningxia,37.48 N 105.68 E,Lycium barbarum,,,,leaf,"Institute of Biophysics, Chinese Academy of Sciences",Damaye,,Caudoviricetes_sp_CRR527041,Caudoviricetes sp. genome sequencing,CRR527041,SAMC810320,MEGAHIT;1.2.9;default parameters,ILLUMINA,,MMPV-RNA v2.3 + suvtk v0.1.1,Caudoviricetes_sp_CRR527041,"China, Ningxia, Unknown_AI",Lycium barbarum,plant virome
Cressdnaviricota sp.,CRR527046_clean_NODE_595_length_1800_cov_20.133758,"Last, First",2024,PRJCA010231,Cressdnaviricota_sp_CRR527046,China:Ningxia,37.48 N 105.68 E,Lycium barbarum,,,,flower,"Institute of Biophysics, Chinese Academy of Sciences",Damaye,,Cressdnaviricota_sp_CRR527046,Cressdnaviricota sp. genome sequencing,CRR527046,SAMC810325,MEGAHIT;1.2.9;default parameters,ILLUMINA,,MMPV-RNA v2.3 + suvtk v0.1.1,Cressdnaviricota_sp_CRR527046,"China, Ningxia, Unknown_AI",Lycium barbarum,plant virome
Caulimoviridae sp.,SRR17208226_clean_NODE_179_length_1695_cov_2.687423,"Last, First",20-Jun-2019,PRJNA788208,Caulimoviridae_sp_SRR17208226,China:Ningxia,38.47 N 106.27 E,Lycium,,,,fruit,Ningxia Academy of Agriculture and Forestry Sciences,cultivated,,Caulimoviridae_sp_SRR17208226,Caulimoviridae sp. genome sequencing,SRR17208226,SAMN23931741,MEGAHIT;1.2.9;default parameters,Illumina NovaSeq 6000,,MMPV-RNA v2.3 + suvtk v0.1.1,Caulimoviridae_sp_SRR17208226,"China, Ningxia, Yinchuan_AI",Lycium,plant virome
Monodnaviria sp.,CRR527046_clean_NODE_749_length_1651_cov_7.928390,"Last, First",2024,PRJCA010231,Monodnaviria_sp_CRR527046,China:Ningxia,37.48 N 105.68 E,Lycium barbarum,,,,flower,"Institute of Biophysics, Chinese Academy of Sciences",Damaye,,Monodnaviria_sp_CRR527046,Monodnaviria sp. genome sequencing,CRR527046,SAMC810325,MEGAHIT;1.2.9;default parameters,ILLUMINA,,MMPV-RNA v2.3 + suvtk v0.1.1,Monodnaviria_sp_CRR527046,"China, Ningxia, Unknown_AI",Lycium barbarum,plant virome
Virgaviridae sp.,CRR1126135_clean_NODE_147_length_2253_cov_2.977064,"Last, First",2024,PRJCA025572,Virgaviridae_sp_CRR1126135,China:Beijing,39.90 N 116.40 E,Lycium barbarum,,,,leaf,Beijing Forestry University,Ningqi No.1,,Virgaviridae_sp_CRR1126135,Virgaviridae sp. genome sequencing,CRR1126135,SAMC3551098,MEGAHIT;1.2.9;default parameters,ILLUMINA,,MMPV-RNA v2.3 + suvtk v0.1.1,Virgaviridae_sp_CRR1126135,"China, Beijing, Beijing_AI",Lycium barbarum,plant virome
Carlavirus sp.,SRR2344930_clean_NODE_2_length_2246_cov_3.883552,"Last, First",10-Sep-2015,PRJNA289730,Carlavirus_sp_SRR2344930,China:Ningxia,38.47 N 106.27 E,Lycium barbarum,,,,leaf of control condition in the stage 7,Ningxia Key Laboratory for Agrobiotechnology,cultivated,,Carlavirus_sp_SRR2344930,Carlavirus sp. genome sequencing,SRR2344930,SAMN04026238,MEGAHIT;1.2.9;default parameters,Illumina NovaSeq 6000,,MMPV-RNA v2.3 + suvtk v0.1.1,Carlavirus_sp_SRR2344930,"China, Ningxia, Yinchuan_AI",Lycium barbarum,plant virome
Carlavirus sp.,SRR2344935_clean_NODE_6_length_2228_cov_3.462768,"Last, First",10-Sep-2015,PRJNA289730,Carlavirus_sp_SRR2344935,China:Ningxia,38.47 N 106.27 E,Lycium barbarum,,,,leaf,Ningxia Key Laboratory for Agrobiotechnology,cultivated,,Carlavirus_sp_SRR2344935,Carlavirus sp. genome sequencing,SRR2344935,SAMN04026243,MEGAHIT;1.2.9;default parameters,Illumina NovaSeq 6000,,MMPV-RNA v2.3 + suvtk v0.1.1,Carlavirus_sp_SRR2344935,"China, Ningxia, Yinchuan_AI",Lycium barbarum,plant virome
unclassified viruses,SRR22742698_clean_NODE_403_length_2215_cov_2.774043,"Last, First",14-Dec-2022,PRJNA912239,unclassified_viruses_SRR22742698,China:Ningxia,38.47 N 106.27 E,Lycium barbarum,,,,all plant,Ningxia University,cultivated,,unclassified_viruses_SRR22742698,unclassified viruses genome sequencing,SRR22742698,SAMN32236125,MEGAHIT;1.2.9;default parameters,Illumina NovaSeq 6000,,MMPV-RNA v2.3 + suvtk v0.1.1,unclassified_viruses_SRR22742698,"China, Ningxia, Yinchuan_AI",Lycium barbarum,plant virome
Cucumovirus sp.,CRR2703948_clean_NODE_1115_length_2189_cov_8.020794,"Last, First",2024,PRJCA056904,Cucumovirus_sp_CRR2703948,China:Ningxia,37.48 N 105.68 E,Lycium barbarum,,,,fruit,,Plant,,Cucumovirus_sp_CRR2703948,Cucumovirus sp. genome sequencing,CRR2703948,SAMC6839844,MEGAHIT;1.2.9;default parameters,BGISEQ,,MMPV-RNA v2.3 + suvtk v0.1.1,Cucumovirus_sp_CRR2703948,"China, Ningxia, Unknown_AI",Lycium barbarum,plant virome
Caulimoviridae sp.,CRR1440132_clean_NODE_112_length_2136_cov_1.819195,"Last, First",2024,PRJCA034309,Caulimoviridae_sp_CRR1440132,China:Beijing,39.90 N 116.40 E,Lycium barbarum,,,,fruit,"Institute of Chinese Materia Medica, China Academy of Chinese Medical Sciences",Chaoji No.1,,Caulimoviridae_sp_CRR1440132,Caulimoviridae sp. genome sequencing,CRR1440132,SAMC4494188,MEGAHIT;1.2.9;default parameters,ILLUMINA,,MMPV-RNA v2.3 + suvtk v0.1.1,Caulimoviridae_sp_CRR1440132,"China, Beijing, Beijing_AI",Lycium barbarum,plant virome
unclassified viruses,CRR1126140_clean_NODE_312_length_2126_cov_16.749148,"Last, First",2024,PRJCA025572,unclassified_viruses_CRR1126140,China:Beijing,39.90 N 116.40 E,Lycium barbarum,,,,stem tip,Beijing Forestry University,Ningqi No.1,,unclassified_viruses_CRR1126140,unclassified viruses genome sequencing,CRR1126140,SAMC3551103,MEGAHIT;1.2.9;default parameters,ILLUMINA,,MMPV-RNA v2.3 + suvtk v0.1.1,unclassified_viruses_CRR1126140,"China, Beijing, Beijing_AI",Lycium barbarum,plant virome
Caudoviricetes sp.,CRR1440126_clean_NODE_462_length_2113_cov_2.820588,"Last, First",2024,PRJCA034309,Caudoviricetes_sp_CRR1440126,China:Beijing,39.90 N 116.40 E,Lycium barbarum,,,,fruit,"Institute of Chinese Materia Medica, China Academy of Chinese Medical Sciences",Nngqi No.10,,Caudoviricetes_sp_CRR1440126,Caudoviricetes sp. genome sequencing,CRR1440126,SAMC4494182,MEGAHIT;1.2.9;default parameters,ILLUMINA,,MMPV-RNA v2.3 + suvtk v0.1.1,Caudoviricetes_sp_CRR1440126,"China, Beijing, Beijing_AI",Lycium barbarum,plant virome
unclassified viruses,SRR23107139_clean_NODE_3333_length_2102_cov_6.268605,"Last, First",18-Jan-2023,PRJNA923465,unclassified_viruses_SRR23107139,China:Ningxia,37.48 N 105.68 E,Lycium barbarum,,,,root,Ningxia Academy of Agriculture and Forestry Sciences,wildtype,,unclassified_viruses_SRR23107139,unclassified viruses genome sequencing,SRR23107139,SAMN32722910,MEGAHIT;1.2.9;default parameters,Illumina NovaSeq 6000,,MMPV-RNA v2.3 + suvtk v0.1.1,unclassified_viruses_SRR23107139,"China, Ningxia, Unknown_AI",Lycium barbarum,plant virome
Riboviria sp.,CRR2703948_clean_NODE_296_length_3302_cov_6.050170,"Last, First",2024,PRJCA056904,Riboviria_sp_CRR2703948,China:Ningxia,37.48 N 105.68 E,Lycium barbarum,,,,fruit,,Plant,,Riboviria_sp_CRR2703948,Riboviria sp. genome sequencing,CRR2703948,SAMC6839844,MEGAHIT;1.2.9;default parameters,BGISEQ,,MMPV-RNA v2.3 + suvtk v0.1.1,Riboviria_sp_CRR2703948,"China, Ningxia, Unknown_AI",Lycium barbarum,plant virome
Caulimoviridae sp.,CRR1440131_clean_NODE_5_length_5023_cov_167.943838,"Last, First",2024,PRJCA034309,Caulimoviridae_sp_CRR1440131,China:Beijing,39.90 N 116.40 E,Lycium barbarum,,,,leaf,"Institute of Chinese Materia Medica, China Academy of Chinese Medical Sciences",Chaoji No.1,,Caulimoviridae_sp_CRR1440131,Caulimoviridae sp. genome sequencing,CRR1440131,SAMC4494187,MEGAHIT;1.2.9;default parameters,ILLUMINA,,MMPV-RNA v2.3 + suvtk v0.1.1,Caulimoviridae_sp_CRR1440131,"China, Beijing, Beijing_AI",Lycium barbarum,plant virome
Cucumovirus sp.,CRR2703947_clean_NODE_66_length_3277_cov_28.441323,"Last, First",2024,PRJCA056904,Cucumovirus_sp_CRR2703947,China:Ningxia,37.48 N 105.68 E,Lycium barbarum,,,,fruit,,Ningqi No. 1,,Cucumovirus_sp_CRR2703947,Cucumovirus sp. genome sequencing,CRR2703947,SAMC6839843,MEGAHIT;1.2.9;default parameters,BGISEQ,,MMPV-RNA v2.3 + suvtk v0.1.1,Cucumovirus_sp_CRR2703947,"China, Ningxia, Unknown_AI",Lycium barbarum,plant virome
unclassified viruses,SRR23107136_clean_NODE_2035_length_3167_cov_5.896574,"Last, First",18-Jan-2023,PRJNA923465,unclassified_viruses_SRR23107136,China:Ningxia,37.48 N 105.68 E,Lycium barbarum,,,,root,Ningxia Academy of Agriculture and Forestry Sciences,cultivated,,unclassified_viruses_SRR23107136,unclassified viruses genome sequencing,SRR23107136,SAMN32722910,MEGAHIT;1.2.9;default parameters,Illumina NovaSeq 6000,,MMPV-RNA v2.3 + suvtk v0.1.1,unclassified_viruses_SRR23107136,"China, Ningxia, Unknown_AI",Lycium barbarum,plant virome
Riboviria sp.,SRR33536649_clean_NODE_254_length_3065_cov_6.735294,"Last, First",2024,PRJNA1261615,Riboviria_sp_SRR33536649,China:Ningxia,37.48 N 105.68 E,Lycium barbarum,,,,root,Ningxia Academy of Agriculture and Forestry Sciences,cultivated,,Riboviria_sp_SRR33536649,Riboviria sp. genome sequencing,SRR33536649,SAMN48400336,MEGAHIT;1.2.9;default parameters,Illumina NovaSeq 6000,,MMPV-RNA v2.3 + suvtk v0.1.1,Riboviria_sp_SRR33536649,"China, Ningxia, Unknown_AI",Lycium barbarum,plant virome
Ilarvirus sp.,SRR23107139_clean_NODE_984_length_3011_cov_100.912526,"Last, First",18-Jan-2023,PRJNA923465,Ilarvirus_sp_SRR23107139,China:Ningxia,37.48 N 105.68 E,Lycium barbarum,,,,root,Ningxia Academy of Agriculture and Forestry Sciences,wildtype,,Ilarvirus_sp_SRR23107139,Ilarvirus sp. genome sequencing,SRR23107139,SAMN32722910,MEGAHIT;1.2.9;default parameters,Illumina NovaSeq 6000,,MMPV-RNA v2.3 + suvtk v0.1.1,Ilarvirus_sp_SRR23107139,"China, Ningxia, Unknown_AI",Lycium barbarum,plant virome
Bromoviridae sp.,CRR2703948_clean_NODE_456_length_2949_cov_4.011822,"Last, First",2024,PRJCA056904,Bromoviridae_sp_CRR2703948,China:Ningxia,37.48 N 105.68 E,Lycium barbarum,,,,fruit,,Plant,,Bromoviridae_sp_CRR2703948,Bromoviridae sp. genome sequencing,CRR2703948,SAMC6839844,MEGAHIT;1.2.9;default parameters,BGISEQ,,MMPV-RNA v2.3 + suvtk v0.1.1,Bromoviridae_sp_CRR2703948,"China, Ningxia, Unknown_AI",Lycium barbarum,plant virome
Rhabdoviridae sp.,SRR24305230_clean_NODE_201_length_6459_cov_67.705136,"Last, First",26-Apr-2023,PRJNA961943,Rhabdoviridae_sp_SRR24305230,China:Beijing,39.90 N 116.40 E,Lycium barbarum,,,,gall,Chinese Academy of Medical Sciences and Peking Union Medic,cultivated,,Rhabdoviridae_sp_SRR24305230,Rhabdoviridae sp. genome sequencing,SRR24305230,SAMN34374399,MEGAHIT;1.2.9;default parameters,Illumina NovaSeq 6000,,MMPV-RNA v2.3 + suvtk v0.1.1,Rhabdoviridae_sp_SRR24305230,"China, Beijing, Unknown_AI",Lycium barbarum,plant virome
Tymovirales sp.,SRR23215179_clean_NODE_1_length_6852_cov_76.557752,"Last, First",24-Jan-2023,PRJNA927104,Tymovirales_sp_SRR23215179,China:Beijing,39.90 N 116.40 E,Lycium barbarum,,,,leaf,Chinese Academy of Medical Sciences and Peking Union Medic,cultivated,,Tymovirales_sp_SRR23215179,Tymovirales sp. genome sequencing,SRR23215179,SAMN32901797,MEGAHIT;1.2.9;default parameters,Illumina NovaSeq 6000,,MMPV-RNA v2.3 + suvtk v0.1.1,Tymovirales_sp_SRR23215179,"China, Beijing, Unknown_AI",Lycium barbarum,plant virome
Potexvirus sp.,SRR8191317_clean_NODE_2_length_9471_cov_24512.554160,"Last, First",15-Nov-2018,PRJNA505629,Potexvirus_sp_SRR8191317,United States:Maryland,XX.XX N XXX.XX E,Lycium barbarum,,,,fruit,GEO,L. barbarum_fruit develoment stage 1,,Potexvirus_sp_SRR8191317,Potexvirus sp. genome sequencing,SRR8191317,SAMN10430622,MEGAHIT;1.2.9;default parameters,Illumina NovaSeq 6000,,MMPV-RNA v2.3 + suvtk v0.1.1,Potexvirus_sp_SRR8191317,"United States, Maryland, Bethesda_AI",Lycium barbarum,plant virome
Tymovirales sp.,CRR527046_clean_NODE_1_length_18125_cov_301.957512,"Last, First",2024,PRJCA010231,Tymovirales_sp_CRR527046,China:Ningxia,37.48 N 105.68 E,Lycium barbarum,,,,flower,"Institute of Biophysics, Chinese Academy of Sciences",Damaye,,Tymovirales_sp_CRR527046,Tymovirales sp. genome sequencing,CRR527046,SAMC810325,MEGAHIT;1.2.9;default parameters,ILLUMINA,,MMPV-RNA v2.3 + suvtk v0.1.1,Tymovirales_sp_CRR527046,"China, Ningxia, Unknown_AI",Lycium barbarum,plant virome
Amabiliviricetes sp.,CRR527046_clean_NODE_73_length_3593_cov_48.201420,"Last, First",2024,PRJCA010231,Amabiliviricetes_sp_CRR527046,China:Ningxia,37.48 N 105.68 E,Lycium barbarum,,,,flower,"Institute of Biophysics, Chinese Academy of Sciences",Damaye,,Amabiliviricetes_sp_CRR527046,Amabiliviricetes sp. genome sequencing,CRR527046,SAMC810325,MEGAHIT;1.2.9;default parameters,ILLUMINA,,MMPV-RNA v2.3 + suvtk v0.1.1,Amabiliviricetes_sp_CRR527046,"China, Ningxia, Unknown_AI",Lycium barbarum,plant virome
Vitivirus sp.,SRR23107139_clean_NODE_25_length_7137_cov_3721.851784,"Last, First",18-Jan-2023,PRJNA923465,Vitivirus_sp_SRR23107139,China:Ningxia,37.48 N 105.68 E,Lycium barbarum,,,,root,Ningxia Academy of Agriculture and Forestry Sciences,wildtype,,Vitivirus_sp_SRR23107139,Vitivirus sp. genome sequencing,SRR23107139,SAMN32722910,MEGAHIT;1.2.9;default parameters,Illumina NovaSeq 6000,,MMPV-RNA v2.3 + suvtk v0.1.1,Vitivirus_sp_SRR23107139,"China, Ningxia, Unknown_AI",Lycium barbarum,plant virome
Vitivirus sp.,CRR527050_clean_NODE_5_length_7358_cov_246.043102,"Last, First",2024,PRJCA010231,Vitivirus_sp_CRR527050,China:Ningxia,37.48 N 105.68 E,Lycium barbarum,,,,fruit,"Institute of Biophysics, Chinese Academy of Sciences",Damaye,,Vitivirus_sp_CRR527050,Vitivirus sp. genome sequencing,CRR527050,SAMC810329,MEGAHIT;1.2.9;default parameters,ILLUMINA,,MMPV-RNA v2.3 + suvtk v0.1.1,Vitivirus_sp_CRR527050,"China, Ningxia, Unknown_AI",Lycium barbarum,plant virome
Alphaflexiviridae sp.,SRR15037479_clean_NODE_2_length_7196_cov_25.327109,"Last, First",04-Jul-2021,PRJNA640228,Alphaflexiviridae_sp_SRR15037479,China:Ningxia,38.47 N 106.27 E,Lycium barbarum,,,,fruit,Fujian Agriculture and Forestry University,,,Alphaflexiviridae_sp_SRR15037479,Alphaflexiviridae sp. genome sequencing,SRR15037479,SAMN20056801,MEGAHIT;1.2.9;default parameters,Illumina NovaSeq 6000,,MMPV-RNA v2.3 + suvtk v0.1.1,Alphaflexiviridae_sp_SRR15037479,"China, Ningxia, Yinchuan_AI",Lycium barbarum,plant virome
Tymovirales sp.,CRR527043_clean_NODE_2_length_11851_cov_175.716930,"Last, First",2024,PRJCA010231,Tymovirales_sp_CRR527043,China:Ningxia,37.48 N 105.68 E,Lycium barbarum,,,,leaf,"Institute of Biophysics, Chinese Academy of Sciences",Damaye,,Tymovirales_sp_CRR527043,Tymovirales sp. genome sequencing,CRR527043,SAMC810322,MEGAHIT;1.2.9;default parameters,ILLUMINA,,MMPV-RNA v2.3 + suvtk v0.1.1,Tymovirales_sp_CRR527043,"China, Ningxia, Unknown_AI",Lycium barbarum,plant virome
Riboviria sp.,contig_4185,"Last, First",2024,PRJNAXXXXXX,Riboviria_sp_UNKNOWN,China:Ningxia,XX.XX N XXX.XX E,Lycium barbarum,,,,,,,,Riboviria_sp_UNKNOWN,Riboviria sp. genome sequencing,UNKNOWN,SAMNXXXXXXXX,MEGAHIT;1.2.9;default parameters,Illumina NovaSeq 6000,,MMPV-RNA v2.3 + suvtk v0.1.1,Riboviria_sp_UNKNOWN,Country:Region,,plant virome
Marseilleviridae sp.,contig_3656,"Last, First",2024,PRJNAXXXXXX,Marseilleviridae_sp_UNKNOWN,China:Ningxia,XX.XX N XXX.XX E,Lycium barbarum,,,,,,,,Marseilleviridae_sp_UNKNOWN,Marseilleviridae sp. genome sequencing,UNKNOWN,SAMNXXXXXXXX,MEGAHIT;1.2.9;default parameters,Illumina NovaSeq 6000,,MMPV-RNA v2.3 + suvtk v0.1.1,Marseilleviridae_sp_UNKNOWN,Country:Region,,plant virome
Caudoviricetes sp.,contig_3791,"Last, First",2024,PRJNAXXXXXX,Caudoviricetes_sp_UNKNOWN,China:Ningxia,XX.XX N XXX.XX E,Lycium barbarum,,,,,,,,Caudoviricetes_sp_UNKNOWN,Caudoviricetes sp. genome sequencing,UNKNOWN,SAMNXXXXXXXX,MEGAHIT;1.2.9;default parameters,Illumina NovaSeq 6000,,MMPV-RNA v2.3 + suvtk v0.1.1,Caudoviricetes_sp_UNKNOWN,Country:Region,,plant virome
Picornavirales sp.,SRR23215178_clean_NODE_46_length_5699_cov_3.779772,"Last, First",24-Jan-2023,PRJNA927104,Picornavirales_sp_SRR23215178,China:Beijing,39.90 N 116.40 E,Lycium barbarum,,,,leaf,Chinese Academy of Medical Sciences and Peking Union Medic,cultivated,,Picornavirales_sp_SRR23215178,Picornavirales sp. genome sequencing,SRR23215178,SAMN32901798,MEGAHIT;1.2.9;default parameters,Illumina NovaSeq 6000,,MMPV-RNA v2.3 + suvtk v0.1.1,Picornavirales_sp_SRR23215178,"China, Beijing, Unknown_AI",Lycium barbarum,plant virome
Potyvirus sp.,SRR23587948_clean_NODE_285_length_1031_cov_1.772443,"Last, First",22-Feb-2023,PRJNA936937,Potyvirus_sp_SRR23587948,China:Ningxia,38.47 N 106.27 E,Lycium barbarum,,,,leaf,Ningxia Academy of Agriculture and Forestry Sciences,cultivated,,Potyvirus_sp_SRR23587948,Potyvirus sp. genome sequencing,SRR23587948,SAMN33386295,MEGAHIT;1.2.9;default parameters,Illumina NovaSeq 6000,,MMPV-RNA v2.3 + suvtk v0.1.1,Potyvirus_sp_SRR23587948,"China, Ningxia, Yinchuan_AI",Lycium barbarum,plant virome
