ERR2040202	GBCQ	GBCQ-Aerva_persica-juvenile_leaf
ERR2040203	GBCQ	GBCQ-Aerva_persica-juvenile_leaf
ERR2040310	YGCX	YGCX-Geranium_maculatum
ERR2040389	EZZT	EZZT-Passiflora_edulis
ERR2040462	AWJM	AWJM-Edgeworthia_papyrifera
ERR2040486	VTLJ	VTLJ-Caiophora_chuquitensis
ERR2040513	ABEH	ABEH-Heliotropium_greggii
ERR2040518	ABEH	ABEH-Heliotropium_greggii
ERR2040585	FAMO	FAMO-Conopholis_americana
ERR2040602	CLRW	CLRW-Bacopa_caroliniana
ERR2040621	OQBM	OQBM-Ipomoea_indica
ERR2040626	DLJZ	DLJZ-Solanum_ptychanthum
ERR2040633	DLAI	DLAI-Solanum_lasiophyllum
ERR2040635	AIOU	AIOU-Brugmansia_sanguinea
ERR2040641	EITK	EITK-Hedera_helix-aerial_root
ERR2040698	QRNU	QRNU-Sambucus_canadensis-B
ERR2040733	EMJJ	EMJJ-Borya_sphaerocephala
ERR2040790	GZSF	GZSF-Uniola_paniculata-2_samples_combined
ERR2040803	IAJW	IAJW-Amentotaxus_argotaenia
ERR3487378	BLAJ	BLAJ-Hemerocallis_spp
ERR364345	UPMJ	UPMJ-Pseudolycopodiella_caroliniana
ERR364404	TOXE	TOXE-Welwitschia_mirabilis
ERR706797	CMFF	CMFF-Lupinus_polyphyllus
