protein_id	title	components	prot_len	species
sp|P03542.1|CAPSD_CAMVS	RecName: Full=Capsid protein; Short=CP; AltName: Full=Coat protein	CP	489	?
sp|Q6XKE6.1|POLG_PVCV2	RecName: Full=Genome polyprotein; Includes: RecName: Full=Aspartic protease; Short=PR; Includes: RecName: Full=Reverse transcriptase; Short=RT	AP+RT	2180	?
sp|Q66283.1|CP_CSVMV	RecName: Full=Putative Polyprotein CP; Contains: RecName: Full=Capsid protein; AltName: Full=Coat protein; Short=CP; Contains: RecName: Full=Movement protein; Short=Mov; AltName: Full=Cell-to-cell transport protein	MP+CP	1372	?
sp|Q7TD13.1|MVP_CYLCV	RecName: Full=Putative movement protein; Short=Mov; AltName: Full=Cell-to-cell transport protein	MP	312	?
sp|Q7TD09.1|CAPSD_CYLCV	RecName: Full=Capsid protein; Short=CP; AltName: Full=coat protein	CP	501	?
sp|Q89703.1|POL_CSVMV	RecName: Full=Putative enzymatic polyprotein; Includes: RecName: Full=Protease; Short=PR; Includes: RecName: Full=Reverse transcriptase; Short=RT; Includes: RecName: Full=Ribonuclease H	RT+RH	652	?
sp|Q7TD08.1|POL_CYLCV	RecName: Full=Enzymatic polyprotein; Includes: RecName: Full=Aspartic protease; Includes: RecName: Full=Endonuclease; Includes: RecName: Full=Reverse transcriptase	AP+RT	643	?
sp|P15629.2|POL_SOCMV	RecName: Full=Enzymatic polyprotein; Includes: RecName: Full=Aspartic protease; Includes: RecName: Full=Endonuclease; Includes: RecName: Full=Reverse transcriptase	AP+RT	692	?
sp|P15627.2|CAPSD_SOCMV	RecName: Full=Capsid protein; Short=CP; AltName: Full=Coat protein	CP	441	?
sp|Q02968.2|MVP_CAMVE	RecName: Full=Movement protein; Short=Mov; AltName: Full=Cell-to-cell transport protein	MP	327	?
sp|Q02967.1|VAP_CAMVE	RecName: Full=Virion-associated protein; Short=Vap; AltName: Full=Protein 3; Short=P3	VAP	129	?
sp|Q02964.1|POL_CAMVE	RecName: Full=Enzymatic polyprotein; Includes: RecName: Full=Aspartic protease; Includes: RecName: Full=Endonuclease; Includes: RecName: Full=Reverse transcriptase	AP+RT	679	?
sp|Q02951.1|CAPSD_CAMVE	RecName: Full=Capsid protein; Short=CP; AltName: Full=Coat protein	CP	488	?
sp|Q00967.1|VAP_CAMVN	RecName: Full=Virion-associated protein; Short=Vap; AltName: Full=Protein 3; Short=P3	VAP	129	?
sp|Q00966.1|MVP_CAMVN	RecName: Full=Movement protein; Short=Mov; AltName: Full=Cell-to-cell transport protein	MP	327	?
sp|Q00962.1|POL_CAMVN	RecName: Full=Enzymatic polyprotein; Includes: RecName: Full=Aspartic protease; Includes: RecName: Full=Endonuclease; Includes: RecName: Full=Reverse transcriptase	AP+RT	680	?
sp|Q00956.1|CAPSD_CAMVN	RecName: Full=Capsid protein; Short=CP; AltName: Full=Coat protein	CP	488	?
sp|P09522.1|VAP_FMVD	RecName: Full=Virion-associated protein; Short=Vap; AltName: Full=Protein 3; Short=P3	VAP	115	?
sp|P05398.1|VAP_CERV	RecName: Full=Virion-associated protein; Short=Vap; AltName: Full=Protein 3; Short=P3	VAP	128	?
sp|P03551.1|VAP_CAMVS	RecName: Full=Virion-associated protein; Short=Vap; AltName: Full=Protein 3; Short=P3	VAP	129	?
sp|P03553.1|VAP_CAMVD	RecName: Full=Virion-associated protein; Short=Vap; AltName: Full=Protein 3; Short=P3	VAP	129	?
sp|P03552.1|VAP_CAMVC	RecName: Full=Virion-associated protein; Short=Vap; AltName: Full=Protein 3; Short=P3	VAP	129	?
sp|P09520.1|MVP_FMVD	RecName: Full=Movement protein; Short=Mov; AltName: Full=Cell-to-cell transport protein	MP	323	?
sp|P05396.1|MVP_CERV	RecName: Full=Movement protein; Short=Mov; AltName: Full=Cell-to-cell transport protein	MP	319	?
sp|P03545.1|MVP_CAMVS	RecName: Full=Movement protein; Short=MP; AltName: Full=Cell-to-cell transport protein	MP	327	?
sp|P03547.1|MVP_CAMVD	RecName: Full=Movement protein; Short=Mov; AltName: Full=Cell-to-cell transport protein	MP	327	?
sp|P03546.1|MVP_CAMVC	RecName: Full=Movement protein; Short=Mov; AltName: Full=Cell-to-cell transport protein	MP	327	?
sp|P15631.1|MVP_SOCMV	RecName: Full=Movement protein; Short=Mov; AltName: Full=Cell-to-cell transport protein; AltName: Full=ORF IA	MP	303	?
sp|P09523.1|POL_FMVD	RecName: Full=Enzymatic polyprotein; Includes: RecName: Full=Aspartic protease; Includes: RecName: Full=Endonuclease; Includes: RecName: Full=Reverse transcriptase	AP+RT	666	?
sp|P05400.1|POL_CERV	RecName: Full=Enzymatic polyprotein; Includes: RecName: Full=Aspartic protease; Includes: RecName: Full=Endonuclease; Includes: RecName: Full=Reverse transcriptase	AP+RT	659	?
sp|P03554.1|POL_CAMVS	RecName: Full=Enzymatic polyprotein; Includes: RecName: Full=Aspartic protease; Includes: RecName: Full=Endonuclease; Includes: RecName: Full=Reverse transcriptase	AP+RT	679	?
sp|P03556.1|POL_CAMVD	RecName: Full=Enzymatic polyprotein; Includes: RecName: Full=Aspartic protease; Includes: RecName: Full=Endonuclease; Includes: RecName: Full=Reverse transcriptase	AP+RT	674	?
sp|P03555.1|POL_CAMVC	RecName: Full=Enzymatic polyprotein; Includes: RecName: Full=Aspartic protease; Includes: RecName: Full=Endonuclease; Includes: RecName: Full=Reverse transcriptase	AP+RT	679	?
sp|P09519.1|CAPSD_FMVD	RecName: Full=Probable capsid protein; Short=CP; AltName: Full=Coat protein	CP	489	?
sp|P05399.1|CAPSD_CERV	RecName: Full=Probable capsid protein; Short=CP; AltName: Full=Coat protein	CP	494	?
sp|P03544.1|CAPSD_CAMVD	RecName: Full=Capsid protein; Short=CP; AltName: Full=Coat protein	CP	490	?
sp|P03543.1|CAPSD_CAMVC	RecName: Full=Capsid protein; Short=CP; AltName: Full=Coat protein	CP	488	?
sp|P19199.2|POL_COYMV	RecName: Full=Polyprotein P3; Includes: RecName: Full=Putative movement protein; Short=MP; Includes: RecName: Full=Capsid protein; AltName: Full=Coat protein; Short=CP; Includes: RecName: Full=Protease; Short=PR; Includes: RecName: Full=Reverse transcriptase; Short=RT; Includes: RecName: Full=Ribonuclease H	MP+CP+RT+RH	1886	?
sp|Q91DM0.1|POLG_PVCV1	RecName: Full=Genome polyprotein; Includes: RecName: Full=Aspartic protease; Short=PR; Includes: RecName: Full=Reverse transcriptase; Short=RT	AP+RT	2179	?
sp|P27502.1|POL_RTBVP	RecName: Full=Polyprotein P3; AltName: Full=P194 protein; Contains: RecName: Full=Putative movement protein; Short=MP; Contains: RecName: Full=Capsid protein; AltName: Full=Coat protein; Short=CP; Contains: RecName: Full=Protease; Short=PR; Contains: RecName: Full=Reverse transcriptase/Ribonuclease H; Short=RT; AltName: Full=p55; Flags: Precursor	MP+CP+RT+RH	1675	?
sp|Q01089.1|MVP_CAMVW	RecName: Full=Movement protein; Short=Mov; AltName: Full=Cell-to-cell transport protein	MP	327	?
YGH35398.1	movement protein [Cauliflower mosaic virus]	MP	327	Cauliflower mosaic virus
YGH35397.1	coat protein [Cauliflower mosaic virus]	CP	486	Cauliflower mosaic virus
YGH35395.1	reverse transcriptase [Cauliflower mosaic virus]	RT	679	Cauliflower mosaic virus
YGH35411.1	movement protein [Dahlia common mosaic virus]	MP	322	Dahlia common mosaic virus
YGH35409.1	capsid protein [Dahlia common mosaic virus]	CP	505	Dahlia common mosaic virus
YGH35408.1	reverse transcriptase [Dahlia common mosaic virus]	RT	673	Dahlia common mosaic virus
YGH35391.1	movement protein [Cauliflower mosaic virus]	MP	327	Cauliflower mosaic virus
YGH35390.1	coat protein [Cauliflower mosaic virus]	CP	488	Cauliflower mosaic virus
YGH35388.1	reverse transcriptase [Cauliflower mosaic virus]	RT	679	Cauliflower mosaic virus
YEV37810.1	coat protein [Rice tungro bacilliform virus]	CP	402	Rice tungro bacilliform virus
YEV37809.1	coat protein [Rice tungro bacilliform virus]	CP	402	Rice tungro bacilliform virus
YEV37808.1	coat protein [Rice tungro bacilliform virus]	CP	402	Rice tungro bacilliform virus
YEV37807.1	coat protein [Rice tungro bacilliform virus]	CP	402	Rice tungro bacilliform virus
YEV37806.1	coat protein [Rice tungro bacilliform virus]	CP	402	Rice tungro bacilliform virus
YEV37805.1	coat protein [Rice tungro bacilliform virus]	CP	402	Rice tungro bacilliform virus
YEV37804.1	coat protein [Rice tungro bacilliform virus]	CP	402	Rice tungro bacilliform virus
YEV37803.1	coat protein [Rice tungro bacilliform virus]	CP	402	Rice tungro bacilliform virus
YEV37802.1	coat protein [Rice tungro bacilliform virus]	CP	402	Rice tungro bacilliform virus
YDO73921.1	Viral movement protein [Caulimovirus-GJa2]	MP	448	Caulimovirus-GJa2
YDO73919.1	Retroviral aspartyl protease [Caulimovirus-GJa2]	AP	198	Caulimovirus-GJa2
YDO73918.1	Viral movement protein [Caulimovirus-GJa1]	MP	223	Caulimovirus-GJa1
YCO13535.1	viral movement protein [Caulimovirus-PDa4]	MP	334	Caulimovirus-PDa4
YCO13534.1	RNase HI [Caulimovirus-DPa3]	RH	51	Caulimovirus-DPa3
YCO13533.1	reverse transcriptases [Caulimovirus-DPa3]	RT	58	Caulimovirus-DPa3
YCO13532.1	reverse transcriptase [Caulimovirus-DPa2]	RT	124	Caulimovirus-DPa2
YCO13531.1	reverse transcriptase [Caulimovirus-DPa2]	RT	215	Caulimovirus-DPa2
YCO13529.1	movement protein [Caulimovirus-PDa1]	MP	336	Caulimovirus-PDa1
YBG32396.1	coat protein [Caulimovirus sp.]	CP	1323	Caulimovirus sp.
YBG32395.1	viral movement protein [Caulimovirus sp.]	MP	146	Caulimovirus sp.
YBG32393.1	coat protein [Caulimovirus sp.]	CP	1323	Caulimovirus sp.
YBG32392.1	viral movement protein [Caulimovirus sp.]	MP	146	Caulimovirus sp.
YBG32390.1	coat protein [Caulimovirus sp.]	CP	1285	Caulimovirus sp.
YBG32389.1	viral movement protein [Caulimovirus sp.]	MP	146	Caulimovirus sp.
YBG32387.1	coat protein [Caulimovirus sp.]	CP	1394	Caulimovirus sp.
YBG32386.1	viral movement protein [Caulimovirus sp.]	MP	146	Caulimovirus sp.
YBG32384.1	coat protein [Caulimovirus sp.]	CP	1192	Caulimovirus sp.
YBG32383.1	viral movement protein [Caulimovirus sp.]	MP	146	Caulimovirus sp.
YBG32381.1	coat protein [Caulimovirus sp.]	CP	1179	Caulimovirus sp.
YBG32380.1	viral movement protein [Caulimovirus sp.]	MP	146	Caulimovirus sp.
YBG32378.1	reverse transcriptases [Caulimovirus sp.]	RT	551	Caulimovirus sp.
YBG32377.1	coat protein [Caulimovirus sp.]	CP	856	Caulimovirus sp.
YBG32376.1	coat protein [Caulimovirus sp.]	CP	320	Caulimovirus sp.
YBG32374.1	reverse transcriptases [Caulimovirus sp.]	RT	551	Caulimovirus sp.
YBG32373.1	coat protein [Caulimovirus sp.]	CP	856	Caulimovirus sp.
YBG32372.1	coat protein [Caulimovirus sp.]	CP	320	Caulimovirus sp.
YBG32370.1	reverse transcriptases [Caulimovirus sp.]	RT	551	Caulimovirus sp.
YBG32369.1	coat protein [Caulimovirus sp.]	CP	856	Caulimovirus sp.
YBG32368.1	coat protein [Caulimovirus sp.]	CP	320	Caulimovirus sp.
YBG32366.1	reverse transcriptases [Caulimovirus sp.]	RT	551	Caulimovirus sp.
YBG32365.1	coat protein [Caulimovirus sp.]	CP	856	Caulimovirus sp.
YBG32364.1	coat protein [Caulimovirus sp.]	CP	320	Caulimovirus sp.
YBG32362.1	reverse transcriptases [Caulimovirus sp.]	RT	551	Caulimovirus sp.
YBG32361.1	coat protein [Caulimovirus sp.]	CP	856	Caulimovirus sp.
YBG32360.1	coat protein [Caulimovirus sp.]	CP	320	Caulimovirus sp.
YBG32358.1	reverse transcriptases [Caulimovirus sp.]	RT	551	Caulimovirus sp.
YBG32357.1	coat protein [Caulimovirus sp.]	CP	856	Caulimovirus sp.
YBG32356.1	coat protein [Caulimovirus sp.]	CP	320	Caulimovirus sp.
YBG32354.1	reverse transcriptases [Caulimovirus sp.]	RT	551	Caulimovirus sp.
YBG32353.1	coat protein [Caulimovirus sp.]	CP	856	Caulimovirus sp.
YBG32352.1	coat protein [Caulimovirus sp.]	CP	320	Caulimovirus sp.
YBZ59123.1	reverse transcriptase [Strawberry vein banding virus]	RT	745	Strawberry vein banding virus
YBZ59122.1	coat protein [Strawberry vein banding virus]	CP	471	Strawberry vein banding virus
YBZ59119.1	movement protein [Strawberry vein banding virus]	MP	328	Strawberry vein banding virus
UJT32106.1	movement protein [Soymovirus malvae]	MP	293	Soymovirus malvae
UJT32102.1	coat protein [Soymovirus malvae]	CP	466	Soymovirus malvae
XYH84523.1	virion associated protein [Banana streak CA virus]	VAP	134	Banana streak CA virus
XXZ65076.1	MAG: virion associated protein [Sugarcane bacilliform virus]	VAP	135	Sugarcane bacilliform virus
XWS85806.1	movement protein [Hibiscus soymovirus]	MP	301	Hibiscus soymovirus
XWS85804.1	coat protein [Hibiscus soymovirus]	CP	470	Hibiscus soymovirus
XUS41891.1	virion-associated protein [Cassava vein mosaic virus]	VAP	392	Cassava vein mosaic virus
XUS41886.1	movement protein [Dahlia common mosaic virus]	MP	322	Dahlia common mosaic virus
XUS41884.1	capsid protein [Dahlia common mosaic virus]	CP	505	Dahlia common mosaic virus
XUS41883.1	reverse transcriptase [Dahlia common mosaic virus]	RT	672	Dahlia common mosaic virus
XKT66775.1	putative cell-to-cell movement protein [Tobacco vein clearing virus]	MP	415	Tobacco vein clearing virus
XKT66774.1	putative coat protein [Tobacco vein clearing virus]	CP	595	Tobacco vein clearing virus
XQD68793.1	virion-associated protein [Pitaya badnavirus 1]	VAP	134	Pitaya badnavirus 1
XPS58939.1	reverse transcriptase [Hygrophyla virus 1 NIB-1]	RT	662	Hygrophyla virus 1 NIB-1
XPS58938.1	coat protein [Hygrophyla virus 1 NIB-1]	CP	478	Hygrophyla virus 1 NIB-1
XPS58937.1	virion-associated protein [Hygrophyla virus 1 NIB-1]	VAP	108	Hygrophyla virus 1 NIB-1
XPS58935.1	movement protein [Hygrophyla virus 1 NIB-1]	MP	316	Hygrophyla virus 1 NIB-1
BCU04806.1	capsid protein [Dahlia common mosaic virus]	CP	505	Dahlia common mosaic virus
BCU04803.1	movement protein [Dahlia common mosaic virus]	MP	322	Dahlia common mosaic virus
XLT96454.1	reverse transcriptase [Pueraria virus A]	RT	709	Pueraria virus A
XLT96453.1	coat protein [Pueraria virus A]	CP	473	Pueraria virus A
pdb|3F6N|D	Chain D, Virion-associated protein	VAP	129	?
pdb|3F6N|C	Chain C, Virion-associated protein	VAP	129	?
pdb|3F6N|B	Chain B, Virion-associated protein	VAP	129	?
pdb|3F6N|A	Chain A, Virion-associated protein	VAP	129	?
XHQ01339.1	aspartic protease/reverse transcriptase [Cassava vein mosaic virus]	AP+RT	654	Cassava vein mosaic virus
XHQ01337.1	coat protein/movement protein [Cassava vein mosaic virus]	MP+CP	1365	Cassava vein mosaic virus
XHQ01335.1	aspartic protease/reverse transcriptase [Cassava vein mosaic virus]	AP+RT	652	Cassava vein mosaic virus
XHQ01333.1	coat protein/movement protein [Cassava vein mosaic virus]	MP+CP	1372	Cassava vein mosaic virus
XHO32522.1	reverse transcriptase [Rose yellow vein virus]	RT	819	Rose yellow vein virus
XHO32521.1	capsid protein [Rose yellow vein virus]	CP	498	Rose yellow vein virus
XHO32520.1	movement protein [Rose yellow vein virus]	MP	308	Rose yellow vein virus
XHO32514.1	reverse transcriptase [Rose yellow vein virus]	RT	819	Rose yellow vein virus
XHO32513.1	capsid protein [Rose yellow vein virus]	CP	498	Rose yellow vein virus
XHO32512.1	movement protein [Rose yellow vein virus]	MP	308	Rose yellow vein virus
XHO32506.1	reverse transcriptase [Rose yellow vein virus]	RT	819	Rose yellow vein virus
XHO32505.1	capsid protein [Rose yellow vein virus]	CP	498	Rose yellow vein virus
XHO32504.1	movement protein [Rose yellow vein virus]	MP	308	Rose yellow vein virus
BBG43573.1	reverse transcriptase [Strawberry vein banding virus]	RT	704	Strawberry vein banding virus
BBG43572.1	coat protein [Strawberry vein banding virus]	CP	471	Strawberry vein banding virus
BBG43569.1	putative movement protein [Strawberry vein banding virus]	MP	329	Strawberry vein banding virus
XDC48738.1	virion-associated protein [Sugarcane bacilliform Guadeloupe A virus]	VAP	135	Sugarcane bacilliform Guadeloupe A virus
XDU24651.1	putative movement protein [Strawberry vein banding virus]	MP	323	Strawberry vein banding virus
XDU24649.1	putative reverse transcriptase [Strawberry vein banding virus]	RT	745	Strawberry vein banding virus
XBY86005.1	MAG: movement protein [Caulimovirus MSa3]	MP	308	Caulimovirus MSa3
XBU76865.1	movement protein [Caulimovirus sp.]	MP	295	Caulimovirus sp.
XBU76859.1	reverse transcriptase [Caulimovirus sp.]	RT	371	Caulimovirus sp.
XBU76858.1	movement protein [Caulimovirus sp.]	MP	1074	Caulimovirus sp.
XBS35904.1	movement protein [Metaplexis yellow mottle-associated virus]	MP	331	Metaplexis yellow mottle-associated virus
XBS35902.1	coat protein [Metaplexis yellow mottle-associated virus]	CP	476	Metaplexis yellow mottle-associated virus
WIF03697.1	capsid protein [Dahlia common mosaic virus]	CP	505	Dahlia common mosaic virus
WIF03694.1	movement protein [Dahlia common mosaic virus]	MP	322	Dahlia common mosaic virus
WYK32057.1	movement protein [Dahlia common mosaic virus]	MP	322	Dahlia common mosaic virus
WUF06597.1	reverse transcriptase [Angelica bushy stunt virus]	RT	675	Angelica bushy stunt virus
WUF06593.1	movement protein [Angelica bushy stunt virus]	MP	326	Angelica bushy stunt virus
WUF06583.1	reverse transcriptase [Angelica bushy stunt virus]	RT	675	Angelica bushy stunt virus
WUF06579.1	movement protein [Angelica bushy stunt virus]	MP	326	Angelica bushy stunt virus
WUF06576.1	reverse transcriptase [Angelica bushy stunt virus]	RT	675	Angelica bushy stunt virus
WUF06572.1	movement protein [Angelica bushy stunt virus]	MP	326	Angelica bushy stunt virus
WPF45148.1	movement protein [Hibiscus soymovirus]	MP	301	Hibiscus soymovirus
WPF45138.1	movement protein [Hibiscus soymovirus]	MP	301	Hibiscus soymovirus
WPF45128.1	movement protein [Hibiscus soymovirus]	MP	301	Hibiscus soymovirus
WPF45118.1	movement protein [Hibiscus soymovirus]	MP	301	Hibiscus soymovirus
WOA03487.1	reverse transcriptase [Atractylodes mild mottle virus]	RT	679	Atractylodes mild mottle virus
WNO44371.1	Movement protein [Dahlia mosaic virus]	MP	321	Dahlia mosaic virus
WNO44366.1	Movement protein [Dahlia mosaic virus]	MP	321	Dahlia mosaic virus
WNO44360.1	Movement protein [Dahlia mosaic virus]	MP	321	Dahlia mosaic virus
WNO44354.1	Movement protein [Dahlia mosaic virus]	MP	321	Dahlia mosaic virus
WNO44348.1	Movement protein [Dahlia mosaic virus]	MP	321	Dahlia mosaic virus
WNO44342.1	Movement protein [Dahlia mosaic virus]	MP	321	Dahlia mosaic virus
WNO44337.1	Movement protein [Dahlia common mosaic virus]	MP	322	Dahlia common mosaic virus
WNH14479.1	reverse transcriptase [Physostegia virginiana caulimovirus 2]	RT	679	Physostegia virginiana caulimovirus 2
WNH14473.1	reverse transcriptase [Physostegia virginiana caulimovirus 1]	RT	663	Physostegia virginiana caulimovirus 1
WMX25360.1	reverse transcriptase [Cauliflower mosaic virus]	RT	674	Cauliflower mosaic virus
pdb|3K4T|D	Chain D, Virion-associated protein	VAP	95	?
pdb|3K4T|C	Chain C, Virion-associated protein	VAP	95	?
pdb|3K4T|B	Chain B, Virion-associated protein	VAP	95	?
pdb|3K4T|A	Chain A, Virion-associated protein	VAP	95	?
WIF19198.1	virion-associated protein [Taro bacilliform virus]	VAP	139	Taro bacilliform virus
WIF19183.1	virion-associated protein [Banana streak OL virus]	VAP	134	Banana streak OL virus
WBG54373.1	reverse transcriptase [Cauliflower mosaic virus]	RT	679	Cauliflower mosaic virus
WBG54366.1	reverse transcriptase [Cauliflower mosaic virus]	RT	674	Cauliflower mosaic virus
UZP17093.1	reverse transcriptase [Cauliflower mosaic virus]	RT	677	Cauliflower mosaic virus
UZP17086.1	reverse transcriptase [Cauliflower mosaic virus]	RT	679	Cauliflower mosaic virus
UZP17079.1	reverse transcriptase [Cauliflower mosaic virus]	RT	679	Cauliflower mosaic virus
UYZ57210.1	virion associated protein [Banana streak IM virus]	VAP	130	Banana streak IM virus
UYE92288.1	Coat protein/Movement Protein [Sweet potato collusive virus]	MP+CP	1261	Sweet potato collusive virus
UTQ50653.1	MAG: reverse transcriptase (domains: peptidase, RT, RNase H) [Plant associated soymovirus 1]	RT+RH	734	Plant associated soymovirus 1
UTQ50644.1	MAG: reverse transcriptase (domains: peptidase, RT, RNase H) [Plant associated caulimovirus 1]	RT+RH	687	Plant associated caulimovirus 1
UPP54601.1	putative reverse transcriptase [Strawberry vein banding virus]	RT	745	Strawberry vein banding virus
UME39644.1	reverse transcriptase [Pueraria virus A]	RT	713	Pueraria virus A
UCJ01217.1	putative reverse transcriptase [Strawberry vein banding virus]	RT	704	Strawberry vein banding virus
UCJ01210.1	putative reverse transcriptase [Strawberry vein banding virus]	RT	704	Strawberry vein banding virus
UCJ01203.1	putative reverse transcriptase [Strawberry vein banding virus]	RT	704	Strawberry vein banding virus
UCJ01196.1	putative reverse transcriptase [Strawberry vein banding virus]	RT	704	Strawberry vein banding virus
UCJ01189.1	putative reverse transcriptase [Strawberry vein banding virus]	RT	704	Strawberry vein banding virus
QZN83748.1	putative virion associated protein [Strawberry vein banding virus]	VAP	116	Strawberry vein banding virus
QZN83743.1	putative virion associated protein [Strawberry vein banding virus]	VAP	117	Strawberry vein banding virus
QZN83737.1	putative virion associated protein [Strawberry vein banding virus]	VAP	117	Strawberry vein banding virus
QYR69111.1	putative virion associated protein [Strawberry vein banding virus]	VAP	116	Strawberry vein banding virus
ASE05852.1	putative virion associated protein [Strawberry vein banding virus]	VAP	117	Strawberry vein banding virus
QCH00490.1	virion-associated protein [Soybean chlorotic mottle virus]	VAP	190	Soybean chlorotic mottle virus
QCE30406.1	putative virion associated protein [Strawberry vein banding virus]	VAP	116	Strawberry vein banding virus
ASK50057.1	putative virion associated protein [Strawberry vein banding virus]	VAP	116	Strawberry vein banding virus
ASK50051.1	putative virion associated protein [Strawberry vein banding virus]	VAP	116	Strawberry vein banding virus
ASK50046.1	putative virion associated protein [Strawberry vein banding virus]	VAP	116	Strawberry vein banding virus
ASK50040.1	putative virion associated protein [Strawberry vein banding virus]	VAP	116	Strawberry vein banding virus
YP_009254008.1	putative aspartic protease [Water chestnut soymovirus 1]	AP	680	Water chestnut soymovirus 1
YP_004442838.1	virion associated protein [Banana streak IM virus]	VAP	130	Banana streak IM virus
YP_004442835.1	virion associated protein [Banana streak CA virus]	VAP	134	Banana streak CA virus
YP_004442832.1	virion associated protein [Banana streak UM virus]	VAP	103	Banana streak UM virus
YP_004442829.1	virion associated protein [Banana streak UL virus]	VAP	112	Banana streak UL virus
YP_004442826.1	virion associated protein [Banana streak UI virus]	VAP	111	Banana streak UI virus
YP_004442823.1	virion associated protein [Banana streak UA virus]	VAP	129	Banana streak UA virus
YP_004347414.1	coat protein/movement protein [Sweet potato collusive virus]	MP+CP	1264	Sweet potato collusive virus
YP_001931965.1	virion-associated protein [Eupatorium vein clearing virus]	VAP	126	Eupatorium vein clearing virus
YP_001931959.1	virion-associated protein [Lamium leaf distortion virus]	VAP	122	Lamium leaf distortion virus
NP_861408.1	putative virion associated protein [Cestrum yellow leaf curling virus]	VAP	178	Cestrum yellow leaf curling virus
