MZ463745.1	387	Chr02	164117743	73.200	250	16	255	91285763	91286007	4.66e-31	136	67
MZ463745.1	387	Chr02	164117743	71.963	214	19	230	1364444	1364657	6.47e-23	109	67
MZ463746.1	387	Chr02	164117743	73.200	250	16	255	91285763	91286007	4.66e-31	136	67
MZ463746.1	387	Chr02	164117743	71.963	214	19	230	1364444	1364657	6.47e-23	109	67
MZ463747.1	387	Chr02	164117743	72.800	250	16	255	91285763	91286007	1.98e-29	132	67
MZ463747.1	387	Chr02	164117743	71.495	214	19	230	1364444	1364657	2.75e-21	104	67
MZ463748.1	387	Chr02	164117743	72.800	250	16	255	91285763	91286007	1.98e-29	132	67
MZ463748.1	387	Chr02	164117743	71.495	214	19	230	1364444	1364657	2.75e-21	104	67
MZ463749.1	391	Chr02	164117743	72.800	250	21	260	91285763	91286007	2.00e-29	132	66
MZ463749.1	391	Chr02	164117743	72.430	214	24	235	1364444	1364657	5.37e-24	113	66
MZ463750.1	392	Chr02	164117743	72.400	250	21	260	91285763	91286007	2.44e-28	127	66
MZ463750.1	392	Chr02	164117743	71.028	214	24	235	1364444	1364657	3.40e-20	100	66
MZ463751.1	393	Chr02	164117743	73.200	250	21	260	91285763	91286007	4.73e-31	136	66
MZ463751.1	393	Chr02	164117743	71.963	214	24	235	1364444	1364657	6.58e-23	109	66
MZ463752.1	394	Chr02	164117743	73.200	250	21	260	91285763	91286007	4.75e-31	136	66
MZ463752.1	394	Chr02	164117743	71.963	214	24	235	1364444	1364657	6.60e-23	109	66
MZ463753.1	394	Chr02	164117743	72.800	250	21	260	91285763	91286007	2.02e-29	132	66
MZ463753.1	394	Chr02	164117743	71.495	214	24	235	1364444	1364657	2.81e-21	104	66
MZ463754.1	394	Chr02	164117743	72.984	248	21	260	91285763	91286007	5.78e-30	133	66
MZ463754.1	394	Chr02	164117743	71.963	214	24	235	1364444	1364657	6.60e-23	109	66
MZ463755.1	394	Chr02	164117743	73.600	250	21	260	91285763	91286007	3.90e-32	141	66
MZ463755.1	394	Chr02	164117743	72.430	214	24	235	1364444	1364657	5.41e-24	113	66
MZ463756.1	394	Chr02	164117743	73.251	243	21	253	91285763	91286000	5.78e-30	132	66
MZ463756.1	394	Chr02	164117743	71.963	214	24	235	1364444	1364657	6.60e-23	109	66
MZ463757.1	394	Chr02	164117743	72.800	250	21	260	91285763	91286007	2.02e-29	132	66
MZ463757.1	394	Chr02	164117743	71.495	214	24	235	1364444	1364657	2.81e-21	104	66
MZ463758.1	394	Chr02	164117743	72.800	250	21	260	91285763	91286007	2.02e-29	132	66
MZ463758.1	394	Chr02	164117743	71.495	214	24	235	1364444	1364657	2.81e-21	104	66
MZ463759.1	410	Chr02	164117743	72.800	250	21	260	91285763	91286007	2.11e-29	132	63
MZ463759.1	410	Chr02	164117743	71.770	209	29	235	1364449	1364657	2.93e-21	104	63
FJ751925.1	394	Chr02	164117743	73.200	250	21	260	91285763	91286007	4.75e-31	136	66
FJ751925.1	394	Chr02	164117743	71.963	214	24	235	1364444	1364657	6.60e-23	109	66
FJ751926.1	395	Chr02	164117743	73.200	250	21	260	91285763	91286007	4.76e-31	136	66
FJ751926.1	395	Chr02	164117743	71.963	214	24	235	1364444	1364657	6.61e-23	109	66
FJ751927.1	395	Chr02	164117743	72.800	250	21	260	91285763	91286007	2.02e-29	132	66
FJ751927.1	395	Chr02	164117743	71.963	214	24	235	1364444	1364657	6.61e-23	109	66
FJ751930.1	395	Chr02	164117743	73.200	250	21	260	91285763	91286007	4.76e-31	136	66
FJ751930.1	395	Chr02	164117743	71.963	214	24	235	1364444	1364657	6.61e-23	109	66
FJ751933.1	396	Chr02	164117743	73.200	250	22	261	91285763	91286007	4.77e-31	136	66
FJ751933.1	396	Chr02	164117743	71.963	214	25	236	1364444	1364657	6.63e-23	109	66
FJ751934.1	395	Chr02	164117743	73.200	250	22	261	91285763	91286007	4.76e-31	136	66
FJ751934.1	395	Chr02	164117743	71.963	214	25	236	1364444	1364657	6.61e-23	109	66
MZ463745.1	387	Chr03	141149524	96.296	297	85	381	110004690	110004984	2.87e-134	480	95
MZ463745.1	387	Chr03	141149524	84.314	102	112	212	74988083	74988184	5.57e-23	109	95
MZ463746.1	387	Chr03	141149524	95.623	297	85	381	110004690	110004984	1.49e-131	471	95
MZ463747.1	387	Chr03	141149524	95.623	297	85	381	110004690	110004984	1.49e-131	471	95
MZ463747.1	387	Chr03	141149524	84.314	102	112	212	74988083	74988184	5.57e-23	109	95
MZ463748.1	387	Chr03	141149524	95.286	297	85	381	110004690	110004984	1.81e-130	466	95
MZ463748.1	387	Chr03	141149524	84.314	102	112	212	74988083	74988184	5.57e-23	109	95
MZ463749.1	391	Chr03	141149524	95.960	297	90	386	110004690	110004984	3.53e-133	475	94
MZ463749.1	391	Chr03	141149524	84.314	102	117	217	74988083	74988184	5.63e-23	109	94
MZ463750.1	392	Chr03	141149524	95.623	297	90	386	110004690	110004984	1.51e-131	471	94
MZ463750.1	392	Chr03	141149524	84.314	102	117	217	74988083	74988184	5.64e-23	109	94
MZ463751.1	393	Chr03	141149524	95.623	297	90	386	110004690	110004984	1.51e-131	471	93
MZ463751.1	393	Chr03	141149524	84.314	102	117	217	74988083	74988184	5.66e-23	109	93
MZ463752.1	394	Chr03	141149524	95.286	297	90	386	110004690	110004984	1.84e-130	466	93
MZ463753.1	394	Chr03	141149524	95.623	297	90	386	110004690	110004984	1.51e-131	471	93
MZ463753.1	394	Chr03	141149524	84.314	102	117	217	74988083	74988184	5.67e-23	109	93
MZ463754.1	394	Chr03	141149524	95.286	297	90	386	110004690	110004984	1.84e-130	466	93
MZ463754.1	394	Chr03	141149524	83.333	102	117	217	74988083	74988184	2.41e-21	104	93
MZ463755.1	394	Chr03	141149524	95.623	297	90	386	110004690	110004984	1.51e-131	471	93
MZ463755.1	394	Chr03	141149524	84.314	102	117	217	74988083	74988184	5.67e-23	109	93
MZ463756.1	394	Chr03	141149524	95.623	297	90	386	110004690	110004984	1.51e-131	471	93
MZ463756.1	394	Chr03	141149524	84.314	102	117	217	74988083	74988184	5.67e-23	109	93
MZ463757.1	394	Chr03	141149524	95.286	297	90	386	110004690	110004984	1.84e-130	466	93
MZ463757.1	394	Chr03	141149524	83.333	102	117	217	74988083	74988184	2.41e-21	104	93
MZ463758.1	394	Chr03	141149524	95.960	297	90	386	110004690	110004984	3.56e-133	475	93
MZ463758.1	394	Chr03	141149524	84.314	102	117	217	74988083	74988184	5.67e-23	109	93
MZ463759.1	410	Chr03	141149524	95.960	297	90	386	110004690	110004984	3.72e-133	475	90
MZ463759.1	410	Chr03	141149524	84.314	102	117	217	74988083	74988184	5.92e-23	109	90
FJ751925.1	394	Chr03	141149524	95.960	297	90	386	110004690	110004984	3.56e-133	475	93
FJ751925.1	394	Chr03	141149524	84.314	102	117	217	74988083	74988184	5.67e-23	109	93
FJ751926.1	395	Chr03	141149524	95.638	298	90	387	110004690	110004984	5.30e-131	469	93
FJ751926.1	395	Chr03	141149524	84.314	102	117	217	74988083	74988184	5.69e-23	109	93
FJ751927.1	395	Chr03	141149524	95.302	298	90	387	110004690	110004984	6.46e-130	464	93
FJ751927.1	395	Chr03	141149524	84.314	102	117	217	74988083	74988184	5.69e-23	109	93
FJ751930.1	395	Chr03	141149524	95.098	306	90	395	110004690	110004993	1.02e-133	478	95
FJ751930.1	395	Chr03	141149524	84.314	102	117	217	74988083	74988184	5.69e-23	109	95
FJ751933.1	396	Chr03	141149524	95.638	298	91	388	110004690	110004984	5.31e-131	469	93
FJ751933.1	396	Chr03	141149524	84.314	102	118	218	74988083	74988184	5.70e-23	109	93
FJ751934.1	395	Chr03	141149524	95.960	297	91	387	110004690	110004984	3.57e-133	475	93
FJ751934.1	395	Chr03	141149524	84.314	102	118	218	74988083	74988184	5.69e-23	109	93
MZ463745.1	387	Chr04	136104131	78.707	263	12	272	89572353	89572615	5.02e-55	215	73
MZ463745.1	387	Chr04	136104131	77.947	263	12	272	89393092	89392830	2.60e-52	206	73
MZ463745.1	387	Chr04	136104131	77.947	263	12	272	89427799	89427537	2.60e-52	206	73
MZ463745.1	387	Chr04	136104131	97.917	96	156	251	105375098	105375193	7.96e-40	165	73
MZ463745.1	387	Chr04	136104131	95.833	96	156	251	107395641	107395546	4.12e-37	156	73
MZ463745.1	387	Chr04	136104131	90.099	101	190	290	9729501	9729600	1.35e-30	134	73
MZ463745.1	387	Chr04	136104131	70.513	234	24	255	74041372	74041595	5.37e-23	109	73
MZ463746.1	387	Chr04	136104131	78.707	263	12	272	89572353	89572615	5.02e-55	215	73
MZ463746.1	387	Chr04	136104131	77.947	263	12	272	89393092	89392830	2.60e-52	206	73
MZ463746.1	387	Chr04	136104131	77.947	263	12	272	89427799	89427537	2.60e-52	206	73
MZ463746.1	387	Chr04	136104131	97.917	96	156	251	105375098	105375193	7.96e-40	165	73
MZ463746.1	387	Chr04	136104131	95.833	96	156	251	107395641	107395546	4.12e-37	156	73
MZ463746.1	387	Chr04	136104131	90.099	101	190	290	9729501	9729600	1.35e-30	134	73
MZ463746.1	387	Chr04	136104131	70.513	234	24	255	74041372	74041595	5.37e-23	109	73
MZ463747.1	387	Chr04	136104131	78.327	263	12	272	89572353	89572615	2.13e-53	211	73
MZ463747.1	387	Chr04	136104131	77.567	263	12	272	89393092	89392830	1.11e-50	202	73
MZ463747.1	387	Chr04	136104131	77.567	263	12	272	89427799	89427537	1.11e-50	202	73
MZ463747.1	387	Chr04	136104131	97.917	96	156	251	105375098	105375193	7.96e-40	165	73
MZ463747.1	387	Chr04	136104131	95.833	96	156	251	107395641	107395546	4.12e-37	156	73
MZ463747.1	387	Chr04	136104131	90.099	101	190	290	9729501	9729600	1.35e-30	134	73
MZ463747.1	387	Chr04	136104131	70.085	234	24	255	74041372	74041595	2.28e-21	104	73
MZ463748.1	387	Chr04	136104131	78.327	263	12	272	89572353	89572615	2.13e-53	211	73
MZ463748.1	387	Chr04	136104131	77.567	263	12	272	89393092	89392830	1.11e-50	202	73
MZ463748.1	387	Chr04	136104131	77.567	263	12	272	89427799	89427537	1.11e-50	202	73
MZ463748.1	387	Chr04	136104131	97.917	96	156	251	105375098	105375193	7.96e-40	165	73
MZ463748.1	387	Chr04	136104131	95.833	96	156	251	107395641	107395546	4.12e-37	156	73
MZ463748.1	387	Chr04	136104131	90.099	101	190	290	9729501	9729600	1.35e-30	134	73
MZ463748.1	387	Chr04	136104131	70.085	234	24	255	74041372	74041595	2.28e-21	104	73
MZ463749.1	391	Chr04	136104131	77.899	276	5	277	89572340	89572615	6.18e-54	213	74
MZ463749.1	391	Chr04	136104131	77.174	276	5	277	89393105	89392830	3.20e-51	204	74
MZ463749.1	391	Chr04	136104131	77.174	276	5	277	89427812	89427537	3.20e-51	204	74
MZ463749.1	391	Chr04	136104131	97.917	96	161	256	105375098	105375193	8.05e-40	165	74
MZ463749.1	391	Chr04	136104131	95.833	96	161	256	107395641	107395546	4.17e-37	156	74
MZ463749.1	391	Chr04	136104131	90.099	101	195	295	9729501	9729600	1.36e-30	134	74
MZ463749.1	391	Chr04	136104131	70.085	234	29	260	74041372	74041595	2.31e-21	104	74
MZ463750.1	392	Chr04	136104131	77.536	276	5	277	89572340	89572615	7.55e-53	208	74
MZ463750.1	392	Chr04	136104131	76.812	276	5	277	89393105	89392830	3.91e-50	199	74
MZ463750.1	392	Chr04	136104131	76.812	276	5	277	89427812	89427537	3.91e-50	199	74
MZ463750.1	392	Chr04	136104131	97.917	96	161	256	105375098	105375193	8.07e-40	165	74
MZ463750.1	392	Chr04	136104131	95.833	96	161	256	107395641	107395546	4.18e-37	156	74
MZ463750.1	392	Chr04	136104131	90.099	101	195	295	9729501	9729600	1.37e-30	134	74
MZ463750.1	392	Chr04	136104131	69.658	234	29	260	74041372	74041595	2.82e-20	100	74
MZ463751.1	393	Chr04	136104131	78.261	276	5	277	89572340	89572615	1.46e-55	217	74
MZ463751.1	393	Chr04	136104131	77.536	276	5	277	89393105	89392830	7.57e-53	208	74
MZ463751.1	393	Chr04	136104131	77.536	276	5	277	89427812	89427537	7.57e-53	208	74
MZ463751.1	393	Chr04	136104131	97.917	96	161	256	105375098	105375193	8.09e-40	165	74
MZ463751.1	393	Chr04	136104131	95.833	96	161	256	107395641	107395546	4.19e-37	156	74
MZ463751.1	393	Chr04	136104131	90.099	101	195	295	9729501	9729600	1.37e-30	134	74
MZ463751.1	393	Chr04	136104131	70.513	234	29	260	74041372	74041595	5.46e-23	109	74
MZ463752.1	394	Chr04	136104131	78.261	276	5	277	89572340	89572615	1.47e-55	217	74
MZ463752.1	394	Chr04	136104131	77.536	276	5	277	89393105	89392830	7.59e-53	208	74
MZ463752.1	394	Chr04	136104131	77.536	276	5	277	89427812	89427537	7.59e-53	208	74
MZ463752.1	394	Chr04	136104131	97.917	96	161	256	105375098	105375193	8.11e-40	165	74
MZ463752.1	394	Chr04	136104131	95.833	96	161	256	107395641	107395546	4.20e-37	156	74
MZ463752.1	394	Chr04	136104131	90.099	101	195	295	9729501	9729600	1.37e-30	134	74
MZ463752.1	394	Chr04	136104131	70.513	234	29	260	74041372	74041595	5.47e-23	109	74
MZ463753.1	394	Chr04	136104131	77.899	276	5	277	89572340	89572615	6.23e-54	213	74
MZ463753.1	394	Chr04	136104131	77.174	276	5	277	89393105	89392830	3.23e-51	204	74
MZ463753.1	394	Chr04	136104131	77.174	276	5	277	89427812	89427537	3.23e-51	204	74
MZ463753.1	394	Chr04	136104131	97.872	94	161	254	105375098	105375191	9.88e-39	161	74
MZ463753.1	394	Chr04	136104131	95.745	94	161	254	107395641	107395548	5.12e-36	152	74
MZ463753.1	394	Chr04	136104131	89.109	101	195	295	9729501	9729600	5.84e-29	130	74
MZ463753.1	394	Chr04	136104131	70.085	234	29	260	74041372	74041595	2.33e-21	104	74
MZ463754.1	394	Chr04	136104131	78.788	264	5	265	89572340	89572603	1.79e-54	214	74
MZ463754.1	394	Chr04	136104131	78.378	259	5	260	89393105	89392847	9.25e-52	205	74
MZ463754.1	394	Chr04	136104131	78.378	259	5	260	89427812	89427554	9.25e-52	205	74
MZ463754.1	394	Chr04	136104131	97.917	96	161	256	105375098	105375193	8.11e-40	165	74
MZ463754.1	394	Chr04	136104131	95.833	96	161	256	107395641	107395546	4.20e-37	156	74
MZ463754.1	394	Chr04	136104131	89.109	101	195	295	9729501	9729600	5.84e-29	130	74
MZ463754.1	394	Chr04	136104131	70.513	234	29	260	74041372	74041595	5.47e-23	109	74
MZ463755.1	394	Chr04	136104131	77.899	276	5	277	89393105	89392830	6.23e-54	213	74
MZ463755.1	394	Chr04	136104131	77.899	276	5	277	89427812	89427537	6.23e-54	213	74
MZ463755.1	394	Chr04	136104131	77.899	276	5	277	89572340	89572615	6.23e-54	213	74
MZ463755.1	394	Chr04	136104131	96.875	96	161	256	105375098	105375193	3.45e-38	160	74
MZ463755.1	394	Chr04	136104131	94.792	96	161	256	107395641	107395546	1.79e-35	151	74
MZ463755.1	394	Chr04	136104131	89.109	101	195	295	9729501	9729600	5.84e-29	130	74
MZ463755.1	394	Chr04	136104131	70.940	234	29	260	74041372	74041595	4.49e-24	113	74
MZ463756.1	394	Chr04	136104131	77.899	276	5	277	89572340	89572615	6.23e-54	213	74
MZ463756.1	394	Chr04	136104131	77.174	276	5	277	89393105	89392830	3.23e-51	204	74
MZ463756.1	394	Chr04	136104131	77.174	276	5	277	89427812	89427537	3.23e-51	204	74
MZ463756.1	394	Chr04	136104131	97.917	96	161	256	105375098	105375193	8.11e-40	165	74
MZ463756.1	394	Chr04	136104131	95.833	96	161	256	107395641	107395546	4.20e-37	156	74
MZ463756.1	394	Chr04	136104131	89.109	101	195	295	9729501	9729600	5.84e-29	130	74
MZ463756.1	394	Chr04	136104131	70.485	227	29	253	74041372	74041588	6.66e-22	105	74
MZ463757.1	394	Chr04	136104131	77.899	276	5	277	89572340	89572615	6.23e-54	213	74
MZ463757.1	394	Chr04	136104131	77.174	276	5	277	89393105	89392830	3.23e-51	204	74
MZ463757.1	394	Chr04	136104131	77.174	276	5	277	89427812	89427537	3.23e-51	204	74
MZ463757.1	394	Chr04	136104131	96.875	96	161	256	105375098	105375193	3.45e-38	160	74
MZ463757.1	394	Chr04	136104131	94.792	96	161	256	107395641	107395546	1.79e-35	151	74
MZ463757.1	394	Chr04	136104131	89.109	101	195	295	9729501	9729600	5.84e-29	130	74
MZ463757.1	394	Chr04	136104131	71.368	234	29	260	74041372	74041595	5.47e-23	109	74
MZ463758.1	394	Chr04	136104131	77.899	276	5	277	89572340	89572615	6.23e-54	213	74
MZ463758.1	394	Chr04	136104131	77.174	276	5	277	89393105	89392830	3.23e-51	204	74
MZ463758.1	394	Chr04	136104131	77.174	276	5	277	89427812	89427537	3.23e-51	204	74
MZ463758.1	394	Chr04	136104131	97.917	96	161	256	105375098	105375193	8.11e-40	165	74
MZ463758.1	394	Chr04	136104131	95.833	96	161	256	107395641	107395546	4.20e-37	156	74
MZ463758.1	394	Chr04	136104131	90.099	101	195	295	9729501	9729600	1.37e-30	134	74
MZ463758.1	394	Chr04	136104131	70.085	234	29	260	74041372	74041595	2.33e-21	104	74
MZ463759.1	410	Chr04	136104131	77.899	276	5	277	89572340	89572615	6.50e-54	213	71
MZ463759.1	410	Chr04	136104131	77.174	276	5	277	89393105	89392830	3.37e-51	204	71
MZ463759.1	410	Chr04	136104131	77.174	276	5	277	89427812	89427537	3.37e-51	204	71
MZ463759.1	410	Chr04	136104131	97.917	96	161	256	105375098	105375193	8.47e-40	165	71
MZ463759.1	410	Chr04	136104131	95.833	96	161	256	107395641	107395546	4.39e-37	156	71
MZ463759.1	410	Chr04	136104131	90.099	101	195	295	9729501	9729600	1.43e-30	134	71
MZ463759.1	410	Chr04	136104131	70.513	234	29	260	74041372	74041595	5.71e-23	109	71
FJ751925.1	394	Chr04	136104131	78.261	276	5	277	89572340	89572615	1.47e-55	217	74
FJ751925.1	394	Chr04	136104131	77.536	276	5	277	89393105	89392830	7.59e-53	208	74
FJ751925.1	394	Chr04	136104131	77.536	276	5	277	89427812	89427537	7.59e-53	208	74
FJ751925.1	394	Chr04	136104131	97.917	96	161	256	105375098	105375193	8.11e-40	165	74
FJ751925.1	394	Chr04	136104131	95.833	96	161	256	107395641	107395546	4.20e-37	156	74
FJ751925.1	394	Chr04	136104131	90.099	101	195	295	9729501	9729600	1.37e-30	134	74
FJ751925.1	394	Chr04	136104131	70.513	234	29	260	74041372	74041595	5.47e-23	109	74
FJ751926.1	395	Chr04	136104131	78.261	276	5	277	89572340	89572615	1.47e-55	217	74
FJ751926.1	395	Chr04	136104131	77.536	276	5	277	89393105	89392830	7.61e-53	208	74
FJ751926.1	395	Chr04	136104131	77.536	276	5	277	89427812	89427537	7.61e-53	208	74
FJ751926.1	395	Chr04	136104131	97.917	96	161	256	105375098	105375193	8.13e-40	165	74
FJ751926.1	395	Chr04	136104131	95.833	96	161	256	107395641	107395546	4.21e-37	156	74
FJ751926.1	395	Chr04	136104131	90.099	101	195	295	9729501	9729600	1.38e-30	134	74
FJ751926.1	395	Chr04	136104131	70.513	234	29	260	74041372	74041595	5.49e-23	109	74
FJ751927.1	395	Chr04	136104131	77.899	276	5	277	89572340	89572615	6.25e-54	213	74
FJ751927.1	395	Chr04	136104131	77.174	276	5	277	89393105	89392830	3.24e-51	204	74
FJ751927.1	395	Chr04	136104131	77.174	276	5	277	89427812	89427537	3.24e-51	204	74
FJ751927.1	395	Chr04	136104131	96.875	96	161	256	105375098	105375193	3.46e-38	160	74
FJ751927.1	395	Chr04	136104131	94.792	96	161	256	107395641	107395546	1.79e-35	151	74
FJ751927.1	395	Chr04	136104131	89.109	101	195	295	9729501	9729600	5.86e-29	130	74
FJ751927.1	395	Chr04	136104131	70.085	234	29	260	74041372	74041595	2.33e-21	104	74
FJ751930.1	395	Chr04	136104131	78.261	276	5	277	89572340	89572615	1.47e-55	217	74
FJ751930.1	395	Chr04	136104131	77.536	276	5	277	89393105	89392830	7.61e-53	208	74
FJ751930.1	395	Chr04	136104131	77.536	276	5	277	89427812	89427537	7.61e-53	208	74
FJ751930.1	395	Chr04	136104131	97.917	96	161	256	105375098	105375193	8.13e-40	165	74
FJ751930.1	395	Chr04	136104131	95.833	96	161	256	107395641	107395546	4.21e-37	156	74
FJ751930.1	395	Chr04	136104131	90.099	101	195	295	9729501	9729600	1.38e-30	134	74
FJ751930.1	395	Chr04	136104131	70.513	234	29	260	74041372	74041595	5.49e-23	109	74
FJ751933.1	396	Chr04	136104131	78.261	276	6	278	89572340	89572615	1.47e-55	217	73
FJ751933.1	396	Chr04	136104131	77.536	276	6	278	89393105	89392830	7.63e-53	208	73
FJ751933.1	396	Chr04	136104131	77.536	276	6	278	89427812	89427537	7.63e-53	208	73
FJ751933.1	396	Chr04	136104131	97.917	96	162	257	105375098	105375193	8.16e-40	165	73
FJ751933.1	396	Chr04	136104131	95.833	96	162	257	107395641	107395546	4.23e-37	156	73
FJ751933.1	396	Chr04	136104131	90.099	101	196	296	9729501	9729600	1.38e-30	134	73
FJ751933.1	396	Chr04	136104131	70.513	234	30	261	74041372	74041595	5.50e-23	109	73
FJ751934.1	395	Chr04	136104131	78.261	276	6	278	89572340	89572615	1.47e-55	217	74
FJ751934.1	395	Chr04	136104131	77.536	276	6	278	89393105	89392830	7.61e-53	208	74
FJ751934.1	395	Chr04	136104131	77.536	276	6	278	89427812	89427537	7.61e-53	208	74
FJ751934.1	395	Chr04	136104131	97.917	96	162	257	105375098	105375193	8.13e-40	165	74
FJ751934.1	395	Chr04	136104131	95.833	96	162	257	107395641	107395546	4.21e-37	156	74
FJ751934.1	395	Chr04	136104131	90.099	101	196	296	9729501	9729600	1.38e-30	134	74
FJ751934.1	395	Chr04	136104131	70.513	234	30	261	74041372	74041595	5.49e-23	109	74
MZ463745.1	387	Chr05	134250335	76.056	142	132	272	98309134	98309274	3.34e-19	96.9	65
MZ463745.1	387	Chr05	134250335	84.146	82	27	108	69990821	69990741	6.04e-16	86.9	65
MZ463745.1	387	Chr05	134250335	84.146	82	27	108	70005500	70005420	6.04e-16	86.9	65
MZ463746.1	387	Chr05	134250335	76.056	142	132	272	98309134	98309274	3.34e-19	96.9	65
MZ463746.1	387	Chr05	134250335	84.146	82	27	108	69990821	69990741	6.04e-16	86.9	65
MZ463746.1	387	Chr05	134250335	84.146	82	27	108	70005500	70005420	6.04e-16	86.9	65
MZ463747.1	387	Chr05	134250335	76.056	142	132	272	98309134	98309274	3.34e-19	96.9	65
MZ463748.1	387	Chr05	134250335	76.056	142	132	272	98309134	98309274	3.34e-19	96.9	65
MZ463748.1	387	Chr05	134250335	78.750	80	99	178	69990521	69990445	2.93e-07	58.1	65
MZ463748.1	387	Chr05	134250335	78.750	80	99	178	70005201	70005125	2.93e-07	58.1	65
MZ463749.1	391	Chr05	134250335	76.056	142	137	277	98309134	98309274	3.38e-19	96.9	63
MZ463749.1	391	Chr05	134250335	82.927	82	32	113	69990821	69990741	7.44e-15	82.4	63
MZ463749.1	391	Chr05	134250335	82.927	82	32	113	70005500	70005420	7.44e-15	82.4	63
MZ463750.1	392	Chr05	134250335	76.056	142	137	277	98309134	98309274	3.39e-19	96.9	63
MZ463750.1	392	Chr05	134250335	81.707	82	32	113	69990821	69990741	3.17e-13	77.9	63
MZ463750.1	392	Chr05	134250335	81.707	82	32	113	70005500	70005420	3.17e-13	77.9	63
MZ463751.1	393	Chr05	134250335	76.056	142	137	277	98309134	98309274	3.40e-19	96.9	64
MZ463751.1	393	Chr05	134250335	84.146	82	32	113	69990821	69990741	6.14e-16	86.9	64
MZ463751.1	393	Chr05	134250335	84.146	82	32	113	70005500	70005420	6.14e-16	86.9	64
MZ463752.1	394	Chr05	134250335	76.056	142	137	277	98309134	98309274	3.41e-19	96.9	64
MZ463752.1	394	Chr05	134250335	84.146	82	32	113	69990821	69990741	6.16e-16	86.9	64
MZ463752.1	394	Chr05	134250335	84.146	82	32	113	70005500	70005420	6.16e-16	86.9	64
MZ463753.1	394	Chr05	134250335	76.056	142	137	277	98309134	98309274	3.41e-19	96.9	63
MZ463753.1	394	Chr05	134250335	82.927	82	32	113	69990821	69990741	7.50e-15	82.4	63
MZ463753.1	394	Chr05	134250335	82.927	82	32	113	70005500	70005420	7.50e-15	82.4	63
MZ463754.1	394	Chr05	134250335	77.419	124	138	260	98309135	98309257	1.45e-17	91.5	60
MZ463754.1	394	Chr05	134250335	84.146	82	32	113	69990821	69990741	6.16e-16	86.9	60
MZ463754.1	394	Chr05	134250335	84.146	82	32	113	70005500	70005420	6.16e-16	86.9	60
MZ463755.1	394	Chr05	134250335	75.352	142	137	277	98309134	98309274	1.45e-17	92.4	64
MZ463755.1	394	Chr05	134250335	84.146	82	32	113	69990821	69990741	6.16e-16	86.9	64
MZ463755.1	394	Chr05	134250335	84.146	82	32	113	70005500	70005420	6.16e-16	86.9	64
MZ463756.1	394	Chr05	134250335	75.352	142	137	277	98309134	98309274	1.45e-17	92.4	64
MZ463756.1	394	Chr05	134250335	84.146	82	32	113	69990821	69990741	6.16e-16	86.9	64
MZ463756.1	394	Chr05	134250335	84.146	82	32	113	70005500	70005420	6.16e-16	86.9	64
MZ463757.1	394	Chr05	134250335	75.352	142	137	277	98309134	98309274	1.45e-17	92.4	64
MZ463757.1	394	Chr05	134250335	84.146	82	32	113	69990821	69990741	6.16e-16	86.9	64
MZ463757.1	394	Chr05	134250335	84.146	82	32	113	70005500	70005420	6.16e-16	86.9	64
MZ463758.1	394	Chr05	134250335	76.056	142	137	277	98309134	98309274	3.41e-19	96.9	62
MZ463758.1	394	Chr05	134250335	82.927	82	32	113	69990821	69990741	7.50e-15	82.4	62
MZ463758.1	394	Chr05	134250335	82.927	82	32	113	70005500	70005420	7.50e-15	82.4	62
MZ463759.1	410	Chr05	134250335	76.056	142	137	277	98309134	98309274	3.55e-19	96.9	60
MZ463759.1	410	Chr05	134250335	84.146	82	32	113	69990821	69990741	6.43e-16	86.9	60
MZ463759.1	410	Chr05	134250335	84.146	82	32	113	70005500	70005420	6.43e-16	86.9	60
FJ751925.1	394	Chr05	134250335	76.056	142	137	277	98309134	98309274	3.41e-19	96.9	64
FJ751925.1	394	Chr05	134250335	84.146	82	32	113	69990821	69990741	6.16e-16	86.9	64
FJ751925.1	394	Chr05	134250335	84.146	82	32	113	70005500	70005420	6.16e-16	86.9	64
FJ751926.1	395	Chr05	134250335	76.056	142	137	277	98309134	98309274	3.41e-19	96.9	64
FJ751926.1	395	Chr05	134250335	84.146	82	32	113	69990821	69990741	6.17e-16	86.9	64
FJ751926.1	395	Chr05	134250335	84.146	82	32	113	70005500	70005420	6.17e-16	86.9	64
FJ751927.1	395	Chr05	134250335	75.352	142	137	277	98309134	98309274	1.45e-17	92.4	64
FJ751927.1	395	Chr05	134250335	84.146	82	32	113	69990821	69990741	6.17e-16	86.9	64
FJ751927.1	395	Chr05	134250335	84.146	82	32	113	70005500	70005420	6.17e-16	86.9	64
FJ751930.1	395	Chr05	134250335	76.056	142	137	277	98309134	98309274	3.41e-19	96.9	64
FJ751930.1	395	Chr05	134250335	84.146	82	32	113	69990821	69990741	6.17e-16	86.9	64
FJ751930.1	395	Chr05	134250335	84.146	82	32	113	70005500	70005420	6.17e-16	86.9	64
FJ751933.1	396	Chr05	134250335	76.056	142	138	278	98309134	98309274	3.42e-19	96.9	64
FJ751933.1	396	Chr05	134250335	84.146	82	33	114	69990821	69990741	6.19e-16	86.9	64
FJ751933.1	396	Chr05	134250335	84.146	82	33	114	70005500	70005420	6.19e-16	86.9	64
FJ751934.1	395	Chr05	134250335	76.056	142	138	278	98309134	98309274	3.41e-19	96.9	64
FJ751934.1	395	Chr05	134250335	84.146	82	33	114	69990821	69990741	6.17e-16	86.9	64
FJ751934.1	395	Chr05	134250335	84.146	82	33	114	70005500	70005420	6.17e-16	86.9	64
MZ463745.1	387	Chr07	126893703	76.046	263	12	272	101520888	101520627	3.37e-44	180	76
MZ463745.1	387	Chr07	126893703	74.525	263	12	272	108510264	108510521	9.04e-39	161	76
MZ463745.1	387	Chr07	126893703	71.378	283	27	304	58073674	58073412	8.46e-33	141	76
MZ463745.1	387	Chr07	126893703	78.302	106	151	255	4021551	4021656	1.99e-15	85.1	76
MZ463746.1	387	Chr07	126893703	76.046	263	12	272	101520888	101520627	3.37e-44	180	76
MZ463746.1	387	Chr07	126893703	74.525	263	12	272	108510264	108510521	9.04e-39	161	76
MZ463746.1	387	Chr07	126893703	71.025	283	27	304	58073674	58073412	3.60e-31	137	76
MZ463746.1	387	Chr07	126893703	78.302	106	151	255	4021551	4021656	1.99e-15	85.1	76
MZ463747.1	387	Chr07	126893703	75.665	263	12	272	101520888	101520627	4.10e-43	176	76
MZ463747.1	387	Chr07	126893703	74.144	263	12	272	108510264	108510521	3.84e-37	157	76
MZ463747.1	387	Chr07	126893703	71.378	283	27	304	58073674	58073412	8.46e-33	141	76
MZ463747.1	387	Chr07	126893703	78.302	106	151	255	4021551	4021656	1.99e-15	85.1	76
MZ463748.1	387	Chr07	126893703	75.665	263	12	272	101520888	101520627	4.10e-43	176	76
MZ463748.1	387	Chr07	126893703	74.144	263	12	272	108510264	108510521	3.84e-37	157	76
MZ463748.1	387	Chr07	126893703	71.025	283	27	304	58073674	58073412	3.60e-31	137	76
MZ463748.1	387	Chr07	126893703	78.302	106	151	255	4021551	4021656	1.99e-15	85.1	76
MZ463749.1	391	Chr07	126893703	75.665	263	17	277	101520888	101520627	4.15e-43	176	75
MZ463749.1	391	Chr07	126893703	74.144	263	17	277	108510264	108510521	3.89e-37	157	75
MZ463749.1	391	Chr07	126893703	71.025	283	32	309	58073674	58073412	3.64e-31	137	75
MZ463749.1	391	Chr07	126893703	78.302	106	156	260	4021551	4021656	2.01e-15	85.1	75
MZ463750.1	392	Chr07	126893703	75.285	263	17	277	101520888	101520627	1.77e-41	171	75
MZ463750.1	392	Chr07	126893703	73.764	263	17	277	108510264	108510521	4.75e-36	152	75
MZ463750.1	392	Chr07	126893703	71.025	283	32	309	58073674	58073412	3.65e-31	137	75
MZ463750.1	392	Chr07	126893703	78.302	106	156	260	4021551	4021656	2.02e-15	85.1	75
MZ463751.1	393	Chr07	126893703	76.046	263	17	277	101520888	101520627	3.42e-44	180	75
MZ463751.1	393	Chr07	126893703	74.525	263	17	277	108510264	108510521	9.19e-39	161	75
MZ463751.1	393	Chr07	126893703	71.378	283	32	309	58073674	58073412	8.61e-33	141	75
MZ463751.1	393	Chr07	126893703	78.302	106	156	260	4021551	4021656	2.03e-15	85.1	75
MZ463752.1	394	Chr07	126893703	76.046	263	17	277	101520888	101520627	3.43e-44	180	74
MZ463752.1	394	Chr07	126893703	74.525	263	17	277	108510264	108510521	9.21e-39	161	74
MZ463752.1	394	Chr07	126893703	71.025	283	32	309	58073674	58073412	3.67e-31	137	74
MZ463752.1	394	Chr07	126893703	78.302	106	156	260	4021551	4021656	2.03e-15	85.1	74
MZ463753.1	394	Chr07	126893703	75.665	263	17	277	101520888	101520627	4.18e-43	176	74
MZ463753.1	394	Chr07	126893703	74.144	263	17	277	108510264	108510521	3.92e-37	157	74
MZ463753.1	394	Chr07	126893703	70.671	283	32	309	58073674	58073412	4.47e-30	132	74
MZ463753.1	394	Chr07	126893703	78.302	106	156	260	4021551	4021656	2.03e-15	85.1	74
MZ463753.1	394	Chr07	126893703	76.250	80	179	255	126785216	126785294	4.19e-05	50.0	74
MZ463754.1	394	Chr07	126893703	76.423	246	17	260	101520888	101520644	5.10e-42	172	74
MZ463754.1	394	Chr07	126893703	75.732	239	17	253	108510264	108510497	1.12e-37	159	74
MZ463754.1	394	Chr07	126893703	70.671	283	32	309	58073674	58073412	4.47e-30	132	74
MZ463754.1	394	Chr07	126893703	78.302	106	156	260	4021551	4021656	2.03e-15	85.1	74
MZ463755.1	394	Chr07	126893703	76.426	263	17	277	101520888	101520627	8.08e-46	185	74
MZ463755.1	394	Chr07	126893703	74.905	263	17	277	108510264	108510521	7.56e-40	166	74
MZ463755.1	394	Chr07	126893703	71.025	283	32	309	58073674	58073412	3.67e-31	137	74
MZ463755.1	394	Chr07	126893703	79.245	106	156	260	4021551	4021656	4.78e-17	89.7	74
MZ463756.1	394	Chr07	126893703	75.665	263	17	277	101520888	101520627	4.18e-43	176	74
MZ463756.1	394	Chr07	126893703	75.732	239	17	253	108510264	108510497	1.12e-37	159	74
MZ463756.1	394	Chr07	126893703	71.378	283	32	309	58073674	58073412	8.63e-33	141	74
MZ463756.1	394	Chr07	126893703	78.788	99	156	253	4021551	4021649	2.47e-14	81.5	74
MZ463757.1	394	Chr07	126893703	75.665	263	17	277	101520888	101520627	4.18e-43	176	74
MZ463757.1	394	Chr07	126893703	74.525	263	17	277	108510264	108510521	9.21e-39	161	74
MZ463757.1	394	Chr07	126893703	71.378	283	32	309	58073674	58073412	8.63e-33	141	74
MZ463757.1	394	Chr07	126893703	77.358	106	156	260	4021551	4021656	2.47e-14	80.6	74
MZ463758.1	394	Chr07	126893703	75.665	263	17	277	101520888	101520627	4.18e-43	176	74
MZ463758.1	394	Chr07	126893703	74.144	263	17	277	108510264	108510521	3.92e-37	157	74
MZ463758.1	394	Chr07	126893703	71.025	283	32	309	58073674	58073412	3.67e-31	137	74
MZ463758.1	394	Chr07	126893703	78.302	106	156	260	4021551	4021656	2.03e-15	85.1	74
MZ463759.1	410	Chr07	126893703	75.665	263	17	277	101520888	101520627	4.37e-43	176	71
MZ463759.1	410	Chr07	126893703	74.144	263	17	277	108510264	108510521	4.09e-37	157	71
MZ463759.1	410	Chr07	126893703	71.378	283	32	309	58073674	58073412	9.01e-33	141	71
MZ463759.1	410	Chr07	126893703	78.302	106	156	260	4021551	4021656	2.12e-15	85.1	71
FJ751925.1	394	Chr07	126893703	76.046	263	17	277	101520888	101520627	3.43e-44	180	74
FJ751925.1	394	Chr07	126893703	74.525	263	17	277	108510264	108510521	9.21e-39	161	74
FJ751925.1	394	Chr07	126893703	71.378	283	32	309	58073674	58073412	8.63e-33	141	74
FJ751925.1	394	Chr07	126893703	78.302	106	156	260	4021551	4021656	2.03e-15	85.1	74
FJ751926.1	395	Chr07	126893703	76.046	263	17	277	101520888	101520627	3.44e-44	180	74
FJ751926.1	395	Chr07	126893703	74.525	263	17	277	108510264	108510521	9.24e-39	161	74
FJ751926.1	395	Chr07	126893703	71.378	283	32	309	58073674	58073412	8.65e-33	141	74
FJ751926.1	395	Chr07	126893703	78.302	106	156	260	4021551	4021656	2.04e-15	85.1	74
FJ751927.1	395	Chr07	126893703	75.665	263	17	277	101520888	101520627	4.19e-43	176	74
FJ751927.1	395	Chr07	126893703	74.144	263	17	277	108510264	108510521	3.93e-37	157	74
FJ751927.1	395	Chr07	126893703	71.025	283	32	309	58073674	58073412	3.68e-31	137	74
FJ751927.1	395	Chr07	126893703	77.358	106	156	260	4021551	4021656	2.48e-14	80.6	74
FJ751930.1	395	Chr07	126893703	76.046	263	17	277	101520888	101520627	3.44e-44	180	74
FJ751930.1	395	Chr07	126893703	74.525	263	17	277	108510264	108510521	9.24e-39	161	74
FJ751930.1	395	Chr07	126893703	71.378	283	32	309	58073674	58073412	8.65e-33	141	74
FJ751930.1	395	Chr07	126893703	78.302	106	156	260	4021551	4021656	2.04e-15	85.1	74
FJ751933.1	396	Chr07	126893703	76.046	263	18	278	101520888	101520627	3.45e-44	180	74
FJ751933.1	396	Chr07	126893703	74.525	263	18	278	108510264	108510521	9.26e-39	161	74
FJ751933.1	396	Chr07	126893703	71.378	283	33	310	58073674	58073412	8.68e-33	141	74
FJ751933.1	396	Chr07	126893703	78.302	106	157	261	4021551	4021656	2.04e-15	85.1	74
FJ751934.1	395	Chr07	126893703	76.046	263	18	278	101520888	101520627	3.44e-44	180	74
FJ751934.1	395	Chr07	126893703	74.525	263	18	278	108510264	108510521	9.24e-39	161	74
FJ751934.1	395	Chr07	126893703	71.378	283	33	310	58073674	58073412	8.65e-33	141	74
FJ751934.1	395	Chr07	126893703	78.302	106	157	261	4021551	4021656	2.04e-15	85.1	74
MZ463745.1	387	Chr08	120133093	75.820	244	14	255	46671548	46671305	2.01e-40	168	67
MZ463745.1	387	Chr08	120133093	79.167	120	154	272	35048423	35048542	2.45e-20	101	67
MZ463745.1	387	Chr08	120133093	81.818	88	12	99	41170628	41170541	1.55e-16	87.8	67
MZ463746.1	387	Chr08	120133093	75.820	244	14	255	46671548	46671305	2.01e-40	168	67
MZ463746.1	387	Chr08	120133093	79.167	120	154	272	35048423	35048542	2.45e-20	101	67
MZ463746.1	387	Chr08	120133093	81.818	88	12	99	41170628	41170541	1.55e-16	87.8	67
MZ463747.1	387	Chr08	120133093	75.410	244	14	255	46671548	46671305	2.45e-39	163	67
MZ463747.1	387	Chr08	120133093	79.167	120	154	272	35048423	35048542	2.45e-20	101	67
MZ463747.1	387	Chr08	120133093	81.818	88	12	99	41170628	41170541	1.55e-16	87.8	67
MZ463748.1	387	Chr08	120133093	75.410	244	14	255	46671548	46671305	2.45e-39	163	67
MZ463748.1	387	Chr08	120133093	79.167	120	154	272	35048423	35048542	2.45e-20	101	67
MZ463749.1	391	Chr08	120133093	74.903	259	5	260	46671563	46671305	2.48e-39	164	70
MZ463749.1	391	Chr08	120133093	79.167	120	159	277	35048423	35048542	2.48e-20	101	70
MZ463749.1	391	Chr08	120133093	79.208	101	5	104	41170641	41170541	1.91e-15	85.1	70
MZ463750.1	392	Chr08	120133093	74.517	259	5	260	46671563	46671305	3.03e-38	159	70
MZ463750.1	392	Chr08	120133093	79.167	120	159	277	35048423	35048542	2.49e-20	101	70
MZ463750.1	392	Chr08	120133093	83.133	83	5	86	41170641	41170559	1.91e-15	84.2	70
MZ463751.1	393	Chr08	120133093	75.290	259	5	260	46671563	46671305	5.86e-41	168	69
MZ463751.1	393	Chr08	120133093	79.167	120	159	277	35048423	35048542	2.49e-20	101	69
MZ463751.1	393	Chr08	120133093	80.198	101	5	104	41170641	41170541	4.51e-17	89.7	69
MZ463752.1	394	Chr08	120133093	75.290	259	5	260	46671563	46671305	5.88e-41	168	69
MZ463752.1	394	Chr08	120133093	79.167	120	159	277	35048423	35048542	2.50e-20	101	69
MZ463752.1	394	Chr08	120133093	80.198	101	5	104	41170641	41170541	4.52e-17	89.7	69
MZ463753.1	394	Chr08	120133093	74.903	259	5	260	46671563	46671305	2.50e-39	164	69
MZ463753.1	394	Chr08	120133093	79.167	120	159	277	35048423	35048542	2.50e-20	101	69
MZ463753.1	394	Chr08	120133093	79.208	101	5	104	41170641	41170541	1.92e-15	85.1	69
MZ463754.1	394	Chr08	120133093	75.290	259	5	260	46671563	46671305	5.88e-41	168	66
MZ463754.1	394	Chr08	120133093	80.734	109	159	266	35048423	35048531	8.73e-20	99.6	66
MZ463754.1	394	Chr08	120133093	80.198	101	5	104	41170641	41170541	4.52e-17	89.7	66
MZ463755.1	394	Chr08	120133093	75.676	259	5	260	46671563	46671305	4.82e-42	173	69
MZ463755.1	394	Chr08	120133093	80.000	120	159	277	35048423	35048542	5.88e-22	105	69
MZ463755.1	394	Chr08	120133093	80.198	101	5	104	41170641	41170541	4.52e-17	89.7	69
MZ463756.1	394	Chr08	120133093	75.397	252	5	253	46671563	46671312	7.16e-40	165	69
MZ463756.1	394	Chr08	120133093	78.333	120	159	277	35048423	35048542	3.05e-19	96.9	69
MZ463756.1	394	Chr08	120133093	80.198	101	5	104	41170641	41170541	4.52e-17	89.7	69
MZ463757.1	394	Chr08	120133093	74.903	259	5	260	46671563	46671305	2.50e-39	164	69
MZ463757.1	394	Chr08	120133093	78.333	120	159	277	35048423	35048542	3.05e-19	96.9	69
MZ463757.1	394	Chr08	120133093	80.198	101	5	104	41170641	41170541	4.52e-17	89.7	69
MZ463758.1	394	Chr08	120133093	74.903	259	5	260	46671563	46671305	2.50e-39	164	69
MZ463758.1	394	Chr08	120133093	79.167	120	159	277	35048423	35048542	2.50e-20	101	69
MZ463758.1	394	Chr08	120133093	79.208	101	5	104	41170641	41170541	1.92e-15	85.1	69
MZ463759.1	410	Chr08	120133093	74.903	259	5	260	46671563	46671305	2.61e-39	164	67
MZ463759.1	410	Chr08	120133093	79.167	120	159	277	35048423	35048542	2.61e-20	101	67
MZ463759.1	410	Chr08	120133093	79.208	101	5	104	41170641	41170541	2.01e-15	85.1	67
FJ751925.1	394	Chr08	120133093	75.290	259	5	260	46671563	46671305	5.88e-41	168	69
FJ751925.1	394	Chr08	120133093	79.167	120	159	277	35048423	35048542	2.50e-20	101	69
FJ751925.1	394	Chr08	120133093	80.198	101	5	104	41170641	41170541	4.52e-17	89.7	69
FJ751926.1	395	Chr08	120133093	75.290	259	5	260	46671563	46671305	5.89e-41	168	69
FJ751926.1	395	Chr08	120133093	79.167	120	159	277	35048423	35048542	2.51e-20	101	69
FJ751926.1	395	Chr08	120133093	80.198	101	5	104	41170641	41170541	4.53e-17	89.7	69
FJ751927.1	395	Chr08	120133093	74.903	259	5	260	46671563	46671305	2.51e-39	164	69
FJ751927.1	395	Chr08	120133093	78.333	120	159	277	35048423	35048542	3.06e-19	96.9	69
FJ751927.1	395	Chr08	120133093	80.198	101	5	104	41170641	41170541	4.53e-17	89.7	69
FJ751930.1	395	Chr08	120133093	75.290	259	5	260	46671563	46671305	5.89e-41	168	69
FJ751930.1	395	Chr08	120133093	79.167	120	159	277	35048423	35048542	2.51e-20	101	69
FJ751930.1	395	Chr08	120133093	80.198	101	5	104	41170641	41170541	4.53e-17	89.7	69
FJ751933.1	396	Chr08	120133093	75.290	259	6	261	46671563	46671305	5.91e-41	168	69
FJ751933.1	396	Chr08	120133093	79.167	120	160	278	35048423	35048542	2.52e-20	101	69
FJ751933.1	396	Chr08	120133093	80.198	101	6	105	41170641	41170541	4.55e-17	89.7	69
FJ751934.1	395	Chr08	120133093	75.290	259	6	261	46671563	46671305	5.89e-41	168	69
FJ751934.1	395	Chr08	120133093	79.167	120	160	278	35048423	35048542	2.51e-20	101	69
FJ751934.1	395	Chr08	120133093	80.198	101	6	105	41170641	41170541	4.53e-17	89.7	69
MZ463745.1	387	Chr09	102629097	100.000	97	191	287	16232761	16232857	3.32e-43	176	71
MZ463745.1	387	Chr09	102629097	76.243	181	12	191	57562519	57562339	4.32e-29	130	71
MZ463745.1	387	Chr09	102629097	77.193	114	132	244	14004825	14004938	4.62e-16	86.0	71
MZ463745.1	387	Chr09	102629097	77.193	114	132	244	35136177	35136064	4.62e-16	86.0	71
MZ463745.1	387	Chr09	102629097	77.193	114	132	244	35309269	35309382	4.62e-16	86.0	71
MZ463746.1	387	Chr09	102629097	100.000	97	191	287	16232761	16232857	3.32e-43	176	71
MZ463746.1	387	Chr09	102629097	76.243	181	12	191	57562519	57562339	4.32e-29	130	71
MZ463746.1	387	Chr09	102629097	77.193	114	132	244	14004825	14004938	4.62e-16	86.0	71
MZ463746.1	387	Chr09	102629097	77.193	114	132	244	35136177	35136064	4.62e-16	86.0	71
MZ463746.1	387	Chr09	102629097	77.193	114	132	244	35309269	35309382	4.62e-16	86.0	71
MZ463747.1	387	Chr09	102629097	100.000	97	191	287	16232761	16232857	3.32e-43	176	71
MZ463747.1	387	Chr09	102629097	75.691	181	12	191	57562519	57562339	5.26e-28	125	71
MZ463747.1	387	Chr09	102629097	77.193	114	132	244	14004825	14004938	4.62e-16	86.0	71
MZ463747.1	387	Chr09	102629097	77.193	114	132	244	35136177	35136064	4.62e-16	86.0	71
MZ463747.1	387	Chr09	102629097	77.193	114	132	244	35309269	35309382	4.62e-16	86.0	71
MZ463748.1	387	Chr09	102629097	100.000	97	191	287	16232761	16232857	3.32e-43	176	71
MZ463748.1	387	Chr09	102629097	75.691	181	12	191	57562519	57562339	5.26e-28	125	71
MZ463748.1	387	Chr09	102629097	77.193	114	132	244	14004825	14004938	4.62e-16	86.0	71
MZ463748.1	387	Chr09	102629097	77.193	114	132	244	35136177	35136064	4.62e-16	86.0	71
MZ463748.1	387	Chr09	102629097	77.193	114	132	244	35309269	35309382	4.62e-16	86.0	71
MZ463749.1	391	Chr09	102629097	100.000	97	196	292	16232761	16232857	3.36e-43	176	74
MZ463749.1	391	Chr09	102629097	75.258	194	5	196	57562532	57562339	1.52e-28	127	74
MZ463749.1	391	Chr09	102629097	77.193	114	137	249	14004825	14004938	4.67e-16	86.0	74
MZ463749.1	391	Chr09	102629097	77.193	114	137	249	35136177	35136064	4.67e-16	86.0	74
MZ463749.1	391	Chr09	102629097	77.193	114	137	249	35309269	35309382	4.67e-16	86.0	74
MZ463750.1	392	Chr09	102629097	100.000	97	196	292	16232761	16232857	3.36e-43	176	73
MZ463750.1	392	Chr09	102629097	74.742	194	5	196	57562532	57562339	6.50e-27	123	73
MZ463750.1	392	Chr09	102629097	77.193	114	137	249	14004825	14004938	4.68e-16	86.0	73
MZ463750.1	392	Chr09	102629097	77.193	114	137	249	35136177	35136064	4.68e-16	86.0	73
MZ463750.1	392	Chr09	102629097	77.193	114	137	249	35309269	35309382	4.68e-16	86.0	73
MZ463751.1	393	Chr09	102629097	100.000	97	196	292	16232761	16232857	3.37e-43	176	73
MZ463751.1	393	Chr09	102629097	75.773	194	5	196	57562532	57562339	1.26e-29	132	73
MZ463751.1	393	Chr09	102629097	77.193	114	137	249	14004825	14004938	4.69e-16	86.0	73
MZ463751.1	393	Chr09	102629097	77.193	114	137	249	35136177	35136064	4.69e-16	86.0	73
MZ463751.1	393	Chr09	102629097	77.193	114	137	249	35309269	35309382	4.69e-16	86.0	73
MZ463752.1	394	Chr09	102629097	100.000	97	196	292	16232761	16232857	3.38e-43	176	73
MZ463752.1	394	Chr09	102629097	75.773	194	5	196	57562532	57562339	1.26e-29	132	73
MZ463752.1	394	Chr09	102629097	77.193	114	137	249	14004825	14004938	4.71e-16	86.0	73
MZ463752.1	394	Chr09	102629097	77.193	114	137	249	35136177	35136064	4.71e-16	86.0	73
MZ463752.1	394	Chr09	102629097	77.193	114	137	249	35309269	35309382	4.71e-16	86.0	73
MZ463753.1	394	Chr09	102629097	98.969	97	196	292	16232761	16232857	1.44e-41	171	73
MZ463753.1	394	Chr09	102629097	75.258	194	5	196	57562532	57562339	1.54e-28	127	73
MZ463753.1	394	Chr09	102629097	77.193	114	137	249	14004825	14004938	4.71e-16	86.0	73
MZ463753.1	394	Chr09	102629097	77.193	114	137	249	35136177	35136064	4.71e-16	86.0	73
MZ463753.1	394	Chr09	102629097	77.193	114	137	249	35309269	35309382	4.71e-16	86.0	73
MZ463754.1	394	Chr09	102629097	98.969	97	196	292	16232761	16232857	1.44e-41	171	73
MZ463754.1	394	Chr09	102629097	75.773	194	5	196	57562532	57562339	1.26e-29	132	73
MZ463754.1	394	Chr09	102629097	77.477	111	140	249	14004828	14004938	1.64e-15	85.1	73
MZ463754.1	394	Chr09	102629097	77.477	111	140	249	35136174	35136064	1.64e-15	85.1	73
MZ463754.1	394	Chr09	102629097	77.477	111	140	249	35309272	35309382	1.64e-15	85.1	73
MZ463755.1	394	Chr09	102629097	98.969	97	196	292	16232761	16232857	1.44e-41	171	73
MZ463755.1	394	Chr09	102629097	75.773	194	5	196	57562532	57562339	1.26e-29	132	73
MZ463755.1	394	Chr09	102629097	78.070	114	137	249	14004825	14004938	3.86e-17	90.6	73
MZ463755.1	394	Chr09	102629097	78.070	114	137	249	35136177	35136064	3.86e-17	90.6	73
MZ463755.1	394	Chr09	102629097	78.070	114	137	249	35309269	35309382	3.86e-17	90.6	73
MZ463756.1	394	Chr09	102629097	98.969	97	196	292	16232761	16232857	1.44e-41	171	73
MZ463756.1	394	Chr09	102629097	75.773	194	5	196	57562532	57562339	1.26e-29	132	73
MZ463756.1	394	Chr09	102629097	77.193	114	137	249	14004825	14004938	4.71e-16	86.0	73
MZ463756.1	394	Chr09	102629097	77.193	114	137	249	35136177	35136064	4.71e-16	86.0	73
MZ463756.1	394	Chr09	102629097	77.193	114	137	249	35309269	35309382	4.71e-16	86.0	73
MZ463757.1	394	Chr09	102629097	98.969	97	196	292	16232761	16232857	1.44e-41	171	73
MZ463757.1	394	Chr09	102629097	75.258	194	5	196	57562532	57562339	1.54e-28	127	73
MZ463757.1	394	Chr09	102629097	76.316	114	137	249	14004825	14004938	2.00e-14	81.5	73
MZ463757.1	394	Chr09	102629097	76.316	114	137	249	35136177	35136064	2.00e-14	81.5	73
MZ463757.1	394	Chr09	102629097	76.316	114	137	249	35309269	35309382	2.00e-14	81.5	73
MZ463758.1	394	Chr09	102629097	100.000	97	196	292	16232761	16232857	3.38e-43	176	73
MZ463758.1	394	Chr09	102629097	75.258	194	5	196	57562532	57562339	1.54e-28	127	73
MZ463758.1	394	Chr09	102629097	77.193	114	137	249	14004825	14004938	4.71e-16	86.0	73
MZ463758.1	394	Chr09	102629097	77.193	114	137	249	35136177	35136064	4.71e-16	86.0	73
MZ463758.1	394	Chr09	102629097	77.193	114	137	249	35309269	35309382	4.71e-16	86.0	73
MZ463759.1	410	Chr09	102629097	100.000	97	196	292	16232761	16232857	3.53e-43	176	70
MZ463759.1	410	Chr09	102629097	75.258	194	5	196	57562532	57562339	1.60e-28	127	70
MZ463759.1	410	Chr09	102629097	77.193	114	137	249	14004825	14004938	4.91e-16	86.0	70
MZ463759.1	410	Chr09	102629097	77.193	114	137	249	35136177	35136064	4.91e-16	86.0	70
MZ463759.1	410	Chr09	102629097	77.193	114	137	249	35309269	35309382	4.91e-16	86.0	70
FJ751925.1	394	Chr09	102629097	100.000	97	196	292	16232761	16232857	3.38e-43	176	73
FJ751925.1	394	Chr09	102629097	75.773	194	5	196	57562532	57562339	1.26e-29	132	73
FJ751925.1	394	Chr09	102629097	77.193	114	137	249	14004825	14004938	4.71e-16	86.0	73
FJ751925.1	394	Chr09	102629097	77.193	114	137	249	35136177	35136064	4.71e-16	86.0	73
FJ751925.1	394	Chr09	102629097	77.193	114	137	249	35309269	35309382	4.71e-16	86.0	73
FJ751926.1	395	Chr09	102629097	100.000	97	196	292	16232761	16232857	3.39e-43	176	73
FJ751926.1	395	Chr09	102629097	75.773	194	5	196	57562532	57562339	1.27e-29	132	73
FJ751926.1	395	Chr09	102629097	77.193	114	137	249	14004825	14004938	4.72e-16	86.0	73
FJ751926.1	395	Chr09	102629097	77.193	114	137	249	35136177	35136064	4.72e-16	86.0	73
FJ751926.1	395	Chr09	102629097	77.193	114	137	249	35309269	35309382	4.72e-16	86.0	73
FJ751927.1	395	Chr09	102629097	98.969	97	196	292	16232761	16232857	1.44e-41	171	73
FJ751927.1	395	Chr09	102629097	75.773	194	5	196	57562532	57562339	1.27e-29	132	73
FJ751927.1	395	Chr09	102629097	76.316	114	137	249	14004825	14004938	2.01e-14	81.5	73
FJ751927.1	395	Chr09	102629097	76.316	114	137	249	35136177	35136064	2.01e-14	81.5	73
FJ751927.1	395	Chr09	102629097	76.316	114	137	249	35309269	35309382	2.01e-14	81.5	73
FJ751930.1	395	Chr09	102629097	100.000	97	196	292	16232761	16232857	3.39e-43	176	73
FJ751930.1	395	Chr09	102629097	75.773	194	5	196	57562532	57562339	1.27e-29	132	73
FJ751930.1	395	Chr09	102629097	77.193	114	137	249	14004825	14004938	4.72e-16	86.0	73
FJ751930.1	395	Chr09	102629097	77.193	114	137	249	35136177	35136064	4.72e-16	86.0	73
FJ751930.1	395	Chr09	102629097	77.193	114	137	249	35309269	35309382	4.72e-16	86.0	73
FJ751933.1	396	Chr09	102629097	100.000	97	197	293	16232761	16232857	3.40e-43	176	73
FJ751933.1	396	Chr09	102629097	75.773	194	6	197	57562532	57562339	1.27e-29	132	73
FJ751933.1	396	Chr09	102629097	77.193	114	138	250	14004825	14004938	4.73e-16	86.0	73
FJ751933.1	396	Chr09	102629097	77.193	114	138	250	35136177	35136064	4.73e-16	86.0	73
FJ751933.1	396	Chr09	102629097	77.193	114	138	250	35309269	35309382	4.73e-16	86.0	73
FJ751934.1	395	Chr09	102629097	100.000	97	197	293	16232761	16232857	3.39e-43	176	73
FJ751934.1	395	Chr09	102629097	75.773	194	6	197	57562532	57562339	1.27e-29	132	73
FJ751934.1	395	Chr09	102629097	77.193	114	138	250	14004825	14004938	4.72e-16	86.0	73
FJ751934.1	395	Chr09	102629097	77.193	114	138	250	35136177	35136064	4.72e-16	86.0	73
FJ751934.1	395	Chr09	102629097	77.193	114	138	250	35309269	35309382	4.72e-16	86.0	73
MZ463745.1	387	Chr10	100053940	77.551	245	12	255	24366612	24366368	1.47e-47	191	65
MZ463746.1	387	Chr10	100053940	77.551	245	12	255	24366612	24366368	1.47e-47	191	65
MZ463747.1	387	Chr10	100053940	77.143	245	12	255	24366612	24366368	1.79e-46	187	65
MZ463748.1	387	Chr10	100053940	77.143	245	12	255	24366612	24366368	1.79e-46	187	65
MZ463749.1	391	Chr10	100053940	77.132	258	5	260	24366625	24366368	4.27e-48	193	68
MZ463749.1	391	Chr10	100053940	84.337	83	5	86	28031110	28031192	1.31e-16	88.7	68
MZ463750.1	392	Chr10	100053940	76.357	258	5	260	24366625	24366368	2.22e-45	184	68
MZ463750.1	392	Chr10	100053940	84.337	83	5	86	28031110	28031192	1.31e-16	88.7	68
MZ463751.1	393	Chr10	100053940	77.132	258	5	260	24366625	24366368	4.29e-48	193	67
MZ463751.1	393	Chr10	100053940	85.542	83	5	86	28031110	28031192	3.09e-18	93.3	67
MZ463752.1	394	Chr10	100053940	77.132	258	5	260	24366625	24366368	4.30e-48	193	67
MZ463752.1	394	Chr10	100053940	85.542	83	5	86	28031110	28031192	3.10e-18	93.3	67
MZ463753.1	394	Chr10	100053940	76.744	258	5	260	24366625	24366368	5.24e-47	188	67
MZ463754.1	394	Chr10	100053940	76.744	258	5	260	24366625	24366368	5.24e-47	188	67
MZ463754.1	394	Chr10	100053940	85.542	83	5	86	28031110	28031192	3.10e-18	93.3	67
MZ463755.1	394	Chr10	100053940	77.519	258	5	260	24366625	24366368	1.01e-49	197	67
MZ463755.1	394	Chr10	100053940	85.542	83	5	86	28031110	28031192	3.10e-18	93.3	67
MZ463756.1	394	Chr10	100053940	77.291	251	5	253	24366625	24366375	5.24e-47	189	63
MZ463756.1	394	Chr10	100053940	85.542	83	5	86	28031110	28031192	3.10e-18	93.3	63
MZ463757.1	394	Chr10	100053940	76.744	258	5	260	24366625	24366368	5.24e-47	188	67
MZ463757.1	394	Chr10	100053940	85.542	83	5	86	28031110	28031192	3.10e-18	93.3	67
MZ463758.1	394	Chr10	100053940	76.744	258	5	260	24366625	24366368	5.24e-47	188	67
MZ463758.1	394	Chr10	100053940	84.337	83	5	86	28031110	28031192	1.32e-16	88.7	67
MZ463759.1	410	Chr10	100053940	76.744	258	5	260	24366625	24366368	5.46e-47	188	65
MZ463759.1	410	Chr10	100053940	84.337	83	5	86	28031110	28031192	1.37e-16	88.7	65
FJ751925.1	394	Chr10	100053940	77.132	258	5	260	24366625	24366368	4.30e-48	193	67
FJ751925.1	394	Chr10	100053940	85.542	83	5	86	28031110	28031192	3.10e-18	93.3	67
FJ751926.1	395	Chr10	100053940	77.132	258	5	260	24366625	24366368	4.31e-48	193	67
FJ751926.1	395	Chr10	100053940	85.542	83	5	86	28031110	28031192	3.11e-18	93.3	67
FJ751927.1	395	Chr10	100053940	76.744	258	5	260	24366625	24366368	5.26e-47	188	65
FJ751927.1	395	Chr10	100053940	85.542	83	5	86	28031110	28031192	3.11e-18	93.3	65
FJ751930.1	395	Chr10	100053940	77.132	258	5	260	24366625	24366368	4.31e-48	193	67
FJ751930.1	395	Chr10	100053940	85.542	83	5	86	28031110	28031192	3.11e-18	93.3	67
FJ751933.1	396	Chr10	100053940	77.132	258	6	261	24366625	24366368	4.31e-48	193	67
FJ751933.1	396	Chr10	100053940	85.542	83	6	87	28031110	28031192	3.11e-18	93.3	67
FJ751934.1	395	Chr10	100053940	77.132	258	6	261	24366625	24366368	4.31e-48	193	67
FJ751934.1	395	Chr10	100053940	85.542	83	6	87	28031110	28031192	3.11e-18	93.3	67
MZ463745.1	387	Chr11	99329694	82.031	128	51	178	72585561	72585675	1.20e-29	131	62
MZ463745.1	387	Chr11	99329694	72.515	171	14	183	31574505	31574675	3.02e-18	94.2	62
MZ463745.1	387	Chr11	99329694	76.636	107	14	119	13814978	13814876	1.20e-10	68.0	62
MZ463745.1	387	Chr11	99329694	76.636	107	14	119	14176864	14176762	1.20e-10	68.0	62
MZ463745.1	387	Chr11	99329694	77.108	83	145	227	77733327	77733402	5.11e-09	62.6	62
MZ463745.1	387	Chr11	99329694	69.919	123	133	248	74841727	74841605	2.65e-06	53.6	62
MZ463746.1	387	Chr11	99329694	81.250	128	51	178	72585561	72585675	5.11e-28	126	62
MZ463746.1	387	Chr11	99329694	72.515	171	14	183	31574505	31574675	3.02e-18	94.2	62
MZ463746.1	387	Chr11	99329694	76.636	107	14	119	13814978	13814876	1.20e-10	68.0	62
MZ463746.1	387	Chr11	99329694	76.636	107	14	119	14176864	14176762	1.20e-10	68.0	62
MZ463746.1	387	Chr11	99329694	75.904	83	145	227	77733327	77733402	2.17e-07	58.1	62
MZ463746.1	387	Chr11	99329694	69.919	123	133	248	74841727	74841605	2.65e-06	53.6	62
MZ463747.1	387	Chr11	99329694	81.250	128	51	178	72585561	72585675	5.11e-28	126	62
MZ463747.1	387	Chr11	99329694	71.930	171	14	183	31574505	31574675	3.68e-17	89.7	62
MZ463747.1	387	Chr11	99329694	75.701	107	14	119	13814978	13814876	5.11e-09	63.5	62
MZ463747.1	387	Chr11	99329694	75.701	107	14	119	14176864	14176762	5.11e-09	63.5	62
MZ463747.1	387	Chr11	99329694	77.108	83	145	227	77733327	77733402	5.11e-09	62.6	62
MZ463747.1	387	Chr11	99329694	69.919	123	133	248	74841727	74841605	2.65e-06	53.6	62
MZ463748.1	387	Chr11	99329694	81.250	128	51	178	72585561	72585675	5.11e-28	126	62
MZ463748.1	387	Chr11	99329694	71.930	171	14	183	31574505	31574675	3.68e-17	89.7	62
MZ463748.1	387	Chr11	99329694	75.701	107	14	119	13814978	13814876	5.11e-09	63.5	62
MZ463748.1	387	Chr11	99329694	75.701	107	14	119	14176864	14176762	5.11e-09	63.5	62
MZ463748.1	387	Chr11	99329694	77.108	83	145	227	77733327	77733402	5.11e-09	62.6	62
MZ463748.1	387	Chr11	99329694	69.919	123	133	248	74841727	74841605	2.65e-06	53.6	62
MZ463749.1	391	Chr11	99329694	81.250	128	56	183	72585561	72585675	5.16e-28	126	61
MZ463749.1	391	Chr11	99329694	71.930	171	19	188	31574505	31574675	3.72e-17	89.7	61
MZ463749.1	391	Chr11	99329694	75.701	107	19	124	13814978	13814876	5.17e-09	63.5	61
MZ463749.1	391	Chr11	99329694	75.701	107	19	124	14176864	14176762	5.17e-09	63.5	61
MZ463749.1	391	Chr11	99329694	77.108	83	150	232	77733327	77733402	5.17e-09	62.6	61
MZ463749.1	391	Chr11	99329694	69.919	123	138	253	74841727	74841605	2.68e-06	53.6	61
MZ463750.1	392	Chr11	99329694	81.250	128	56	183	72585561	72585675	5.18e-28	126	61
MZ463750.1	392	Chr11	99329694	71.345	171	19	188	31574505	31574675	1.59e-15	85.1	61
MZ463750.1	392	Chr11	99329694	77.108	83	150	232	77733327	77733402	5.18e-09	62.6	61
MZ463750.1	392	Chr11	99329694	69.919	123	138	253	74841727	74841605	2.69e-06	53.6	61
MZ463751.1	393	Chr11	99329694	82.031	128	56	183	72585561	72585675	1.22e-29	131	61
MZ463751.1	393	Chr11	99329694	72.515	171	19	188	31574505	31574675	3.07e-18	94.2	61
MZ463751.1	393	Chr11	99329694	76.636	107	19	124	13814978	13814876	1.22e-10	68.0	61
MZ463751.1	393	Chr11	99329694	76.636	107	19	124	14176864	14176762	1.22e-10	68.0	61
MZ463751.1	393	Chr11	99329694	77.108	83	150	232	77733327	77733402	5.20e-09	62.6	61
MZ463751.1	393	Chr11	99329694	69.919	123	138	253	74841727	74841605	2.69e-06	53.6	61
MZ463752.1	394	Chr11	99329694	81.250	128	56	183	72585561	72585675	5.21e-28	126	61
MZ463752.1	394	Chr11	99329694	72.515	171	19	188	31574505	31574675	3.08e-18	94.2	61
MZ463752.1	394	Chr11	99329694	76.636	107	19	124	13814978	13814876	1.23e-10	68.0	61
MZ463752.1	394	Chr11	99329694	76.636	107	19	124	14176864	14176762	1.23e-10	68.0	61
MZ463752.1	394	Chr11	99329694	75.904	83	150	232	77733327	77733402	2.22e-07	58.1	61
MZ463752.1	394	Chr11	99329694	69.919	123	138	253	74841727	74841605	2.70e-06	53.6	61
MZ463753.1	394	Chr11	99329694	81.250	128	56	183	72585561	72585675	5.21e-28	126	61
MZ463753.1	394	Chr11	99329694	71.930	171	19	188	31574505	31574675	3.75e-17	89.7	61
MZ463753.1	394	Chr11	99329694	76.636	107	19	124	13814978	13814876	1.23e-10	68.0	61
MZ463753.1	394	Chr11	99329694	76.636	107	19	124	14176864	14176762	1.23e-10	68.0	61
MZ463753.1	394	Chr11	99329694	77.108	83	150	232	77733327	77733402	5.21e-09	62.6	61
MZ463753.1	394	Chr11	99329694	69.919	123	138	253	74841727	74841605	2.70e-06	53.6	61
MZ463754.1	394	Chr11	99329694	81.250	128	56	183	72585561	72585675	5.21e-28	126	61
MZ463754.1	394	Chr11	99329694	72.515	171	19	188	31574505	31574675	3.08e-18	94.2	61
MZ463754.1	394	Chr11	99329694	76.636	107	19	124	13814978	13814876	1.23e-10	68.0	61
MZ463754.1	394	Chr11	99329694	76.636	107	19	124	14176864	14176762	1.23e-10	68.0	61
MZ463754.1	394	Chr11	99329694	77.108	83	150	232	77733327	77733402	5.21e-09	62.6	61
MZ463754.1	394	Chr11	99329694	69.919	123	138	253	74841727	74841605	2.70e-06	53.6	61
MZ463756.1	394	Chr11	99329694	82.031	128	56	183	72585561	72585675	1.22e-29	131	61
MZ463756.1	394	Chr11	99329694	72.515	171	19	188	31574505	31574675	3.08e-18	94.2	61
MZ463756.1	394	Chr11	99329694	76.636	107	19	124	13814978	13814876	1.23e-10	68.0	61
MZ463756.1	394	Chr11	99329694	76.636	107	19	124	14176864	14176762	1.23e-10	68.0	61
MZ463756.1	394	Chr11	99329694	77.108	83	150	232	77733327	77733402	5.21e-09	62.6	61
MZ463756.1	394	Chr11	99329694	69.919	123	138	253	74841727	74841605	2.70e-06	53.6	61
MZ463757.1	394	Chr11	99329694	81.250	128	56	183	72585561	72585675	5.21e-28	126	55
MZ463757.1	394	Chr11	99329694	71.930	171	19	188	31574505	31574675	3.75e-17	89.7	55
MZ463757.1	394	Chr11	99329694	76.636	107	19	124	13814978	13814876	1.23e-10	68.0	55
MZ463757.1	394	Chr11	99329694	76.636	107	19	124	14176864	14176762	1.23e-10	68.0	55
MZ463757.1	394	Chr11	99329694	75.904	83	150	232	77733327	77733402	2.22e-07	58.1	55
MZ463758.1	394	Chr11	99329694	82.031	128	56	183	72585561	72585675	1.22e-29	131	61
MZ463758.1	394	Chr11	99329694	71.930	171	19	188	31574505	31574675	3.75e-17	89.7	61
MZ463758.1	394	Chr11	99329694	75.701	107	19	124	13814978	13814876	5.21e-09	63.5	61
MZ463758.1	394	Chr11	99329694	75.701	107	19	124	14176864	14176762	5.21e-09	63.5	61
MZ463758.1	394	Chr11	99329694	77.108	83	150	232	77733327	77733402	5.21e-09	62.6	61
MZ463758.1	394	Chr11	99329694	69.919	123	138	253	74841727	74841605	2.70e-06	53.6	61
MZ463759.1	410	Chr11	99329694	82.031	128	56	183	72585561	72585675	1.27e-29	131	58
MZ463759.1	410	Chr11	99329694	71.930	171	19	188	31574505	31574675	3.90e-17	89.7	58
MZ463759.1	410	Chr11	99329694	76.531	98	28	124	13814970	13814876	1.55e-09	64.4	58
MZ463759.1	410	Chr11	99329694	76.531	98	28	124	14176856	14176762	1.55e-09	64.4	58
MZ463759.1	410	Chr11	99329694	77.108	83	150	232	77733327	77733402	5.43e-09	62.6	58
MZ463759.1	410	Chr11	99329694	69.919	123	138	253	74841727	74841605	2.81e-06	53.6	58
FJ751925.1	394	Chr11	99329694	82.031	128	56	183	72585561	72585675	1.22e-29	131	61
FJ751925.1	394	Chr11	99329694	72.515	171	19	188	31574505	31574675	3.08e-18	94.2	61
FJ751925.1	394	Chr11	99329694	76.636	107	19	124	13814978	13814876	1.23e-10	68.0	61
FJ751925.1	394	Chr11	99329694	76.636	107	19	124	14176864	14176762	1.23e-10	68.0	61
FJ751925.1	394	Chr11	99329694	77.108	83	150	232	77733327	77733402	5.21e-09	62.6	61
FJ751925.1	394	Chr11	99329694	69.919	123	138	253	74841727	74841605	2.70e-06	53.6	61
FJ751926.1	395	Chr11	99329694	82.031	128	56	183	72585561	72585675	1.23e-29	131	61
FJ751926.1	395	Chr11	99329694	72.515	171	19	188	31574505	31574675	3.09e-18	94.2	61
FJ751926.1	395	Chr11	99329694	76.636	107	19	124	13814978	13814876	1.23e-10	68.0	61
FJ751926.1	395	Chr11	99329694	76.636	107	19	124	14176864	14176762	1.23e-10	68.0	61
FJ751926.1	395	Chr11	99329694	77.108	83	150	232	77733327	77733402	5.23e-09	62.6	61
FJ751926.1	395	Chr11	99329694	69.919	123	138	253	74841727	74841605	2.71e-06	53.6	61
FJ751927.1	395	Chr11	99329694	82.031	128	56	183	72585561	72585675	1.23e-29	131	55
FJ751927.1	395	Chr11	99329694	72.515	171	19	188	31574505	31574675	3.09e-18	94.2	55
FJ751927.1	395	Chr11	99329694	76.636	107	19	124	13814978	13814876	1.23e-10	68.0	55
FJ751927.1	395	Chr11	99329694	76.636	107	19	124	14176864	14176762	1.23e-10	68.0	55
FJ751927.1	395	Chr11	99329694	77.108	83	150	232	77733327	77733402	5.23e-09	62.6	55
FJ751930.1	395	Chr11	99329694	82.031	128	56	183	72585561	72585675	1.23e-29	131	61
FJ751930.1	395	Chr11	99329694	72.515	171	19	188	31574505	31574675	3.09e-18	94.2	61
FJ751930.1	395	Chr11	99329694	76.636	107	19	124	13814978	13814876	1.23e-10	68.0	61
FJ751930.1	395	Chr11	99329694	76.636	107	19	124	14176864	14176762	1.23e-10	68.0	61
FJ751930.1	395	Chr11	99329694	77.108	83	150	232	77733327	77733402	5.23e-09	62.6	61
FJ751930.1	395	Chr11	99329694	69.919	123	138	253	74841727	74841605	2.71e-06	53.6	61
FJ751933.1	396	Chr11	99329694	82.031	128	57	184	72585561	72585675	1.23e-29	131	60
FJ751933.1	396	Chr11	99329694	72.515	171	20	189	31574505	31574675	3.09e-18	94.2	60
FJ751933.1	396	Chr11	99329694	76.636	107	20	125	13814978	13814876	1.23e-10	68.0	60
FJ751933.1	396	Chr11	99329694	76.636	107	20	125	14176864	14176762	1.23e-10	68.0	60
FJ751933.1	396	Chr11	99329694	77.108	83	151	233	77733327	77733402	5.24e-09	62.6	60
FJ751933.1	396	Chr11	99329694	69.919	123	139	254	74841727	74841605	2.71e-06	53.6	60
FJ751934.1	395	Chr11	99329694	82.031	128	57	184	72585561	72585675	1.23e-29	131	61
FJ751934.1	395	Chr11	99329694	72.515	171	20	189	31574505	31574675	3.09e-18	94.2	61
FJ751934.1	395	Chr11	99329694	76.636	107	20	125	13814978	13814876	1.23e-10	68.0	61
FJ751934.1	395	Chr11	99329694	76.636	107	20	125	14176864	14176762	1.23e-10	68.0	61
FJ751934.1	395	Chr11	99329694	77.108	83	151	233	77733327	77733402	5.23e-09	62.6	61
FJ751934.1	395	Chr11	99329694	69.919	123	139	254	74841727	74841605	2.71e-06	53.6	61
MZ463745.1	387	Chr12	94299068	74.809	262	13	272	85640821	85641082	4.54e-41	168	67
MZ463746.1	387	Chr12	94299068	75.191	262	13	272	85640821	85641082	3.72e-42	173	67
MZ463747.1	387	Chr12	94299068	74.427	262	13	272	85640821	85641082	1.93e-39	164	67
MZ463748.1	387	Chr12	94299068	74.427	262	13	272	85640821	85641082	1.93e-39	164	67
MZ463749.1	391	Chr12	94299068	74.427	262	18	277	85640821	85641082	1.95e-39	164	70
MZ463749.1	391	Chr12	94299068	85.542	83	5	86	28842724	28842806	2.90e-18	93.3	70
MZ463750.1	392	Chr12	94299068	74.046	262	18	277	85640821	85641082	2.38e-38	159	70
MZ463750.1	392	Chr12	94299068	85.542	83	5	86	28842724	28842806	2.91e-18	93.3	70
MZ463751.1	393	Chr12	94299068	74.809	262	18	277	85640821	85641082	4.61e-41	168	69
MZ463751.1	393	Chr12	94299068	86.747	83	5	86	28842724	28842806	2.39e-19	97.8	69
MZ463752.1	394	Chr12	94299068	74.809	262	18	277	85640821	85641082	4.63e-41	168	69
MZ463752.1	394	Chr12	94299068	86.747	83	5	86	28842724	28842806	2.40e-19	97.8	69
MZ463753.1	394	Chr12	94299068	74.427	262	18	277	85640821	85641082	1.97e-39	164	69
MZ463753.1	394	Chr12	94299068	85.542	83	5	86	28842724	28842806	2.92e-18	93.3	69
MZ463754.1	394	Chr12	94299068	75.510	245	18	260	85640821	85641065	5.64e-40	165	65
MZ463754.1	394	Chr12	94299068	86.747	83	5	86	28842724	28842806	2.40e-19	97.8	65
MZ463755.1	394	Chr12	94299068	75.191	262	18	277	85640821	85641082	3.80e-42	173	69
MZ463755.1	394	Chr12	94299068	86.747	83	5	86	28842724	28842806	2.40e-19	97.8	69
MZ463756.1	394	Chr12	94299068	74.427	262	18	277	85640821	85641082	1.97e-39	164	69
MZ463756.1	394	Chr12	94299068	86.747	83	5	86	28842724	28842806	2.40e-19	97.8	69
MZ463757.1	394	Chr12	94299068	74.427	262	18	277	85640821	85641082	1.97e-39	164	69
MZ463757.1	394	Chr12	94299068	86.747	83	5	86	28842724	28842806	2.40e-19	97.8	69
MZ463758.1	394	Chr12	94299068	74.427	262	18	277	85640821	85641082	1.97e-39	164	69
MZ463758.1	394	Chr12	94299068	85.542	83	5	86	28842724	28842806	2.92e-18	93.3	69
MZ463759.1	410	Chr12	94299068	74.427	262	18	277	85640821	85641082	2.05e-39	164	67
MZ463759.1	410	Chr12	94299068	85.542	83	5	86	28842724	28842806	3.05e-18	93.3	67
FJ751925.1	394	Chr12	94299068	74.809	262	18	277	85640821	85641082	4.63e-41	168	69
FJ751925.1	394	Chr12	94299068	86.747	83	5	86	28842724	28842806	2.40e-19	97.8	69
FJ751926.1	395	Chr12	94299068	74.809	262	18	277	85640821	85641082	4.64e-41	168	69
FJ751926.1	395	Chr12	94299068	86.747	83	5	86	28842724	28842806	2.41e-19	97.8	69
FJ751927.1	395	Chr12	94299068	74.427	262	18	277	85640821	85641082	1.97e-39	164	69
FJ751927.1	395	Chr12	94299068	86.747	83	5	86	28842724	28842806	2.41e-19	97.8	69
FJ751930.1	395	Chr12	94299068	74.809	262	18	277	85640821	85641082	4.64e-41	168	69
FJ751930.1	395	Chr12	94299068	86.747	83	5	86	28842724	28842806	2.41e-19	97.8	69
FJ751933.1	396	Chr12	94299068	74.809	262	19	278	85640821	85641082	4.65e-41	168	69
FJ751933.1	396	Chr12	94299068	86.747	83	6	87	28842724	28842806	2.41e-19	97.8	69
FJ751934.1	395	Chr12	94299068	74.809	262	19	278	85640821	85641082	4.64e-41	168	69
FJ751934.1	395	Chr12	94299068	86.747	83	6	87	28842724	28842806	2.41e-19	97.8	69
